0.011047945355,0.011227955154,0.0198281957888,0.0287747136335,0.0448788944329,0.289376831882,0.442662611154,0.0377560798859,0.0164762931255,0.00538703918476,0.00296201050539,0.00889904958827,0.00426773496309,0.00407212566357,0.00118067238959,0.000326909916631,0.000468161572015,0.00895811059761,0.000836776157694,0.000577296080695,0.000759147720209,0.000521072578198,0.0013060071447,0.00217444864045,0.000408311883533,0.00144614269582,0.000623115557639,0.000364779575188,0.0019026916889,0.000664182388103,0.000680038492202,0.00308819024083,0.0020392438884,0.00190245601666,0.000458770222067,0.000226690919334,0.000107948588627,7.79913815213e-05,8.48381819581e-05,0.0013358710172,0.000141235287886,0.000604950392865,0.000211992874255,0.000241638204141,0.000331057761489,0.00041506155063,0.00124502725886,0.00110946677655,0.000748404648362,7.80068141697e-05,0.00301431595487,0.000234360095879,0.00013097799786,0.00209279204684,0.000140257012933,0.00134294408415,0.000628625112554,0.00106007435712,0.000281468812352,0.000246574014877,0.000685950811097,0.00130361509078,0.000339344367164,0.00121619838691,0.00103618239865,8.62771638825e-05,1.80432854401e-05,0.00044196692901,0.000965558467661,7.22949407036e-05,0.00165246601893,0.00167512448327,0.000471565478527,0.00039440177432,0.000146944366633,0.000749806936462,0.0010124334796,4.24319408346e-05,0.000457705287155,1.54456672017e-05,0.00218769887182,0.00322999941478,0.000563209234256,0.000146282798641,0.000378380346783,0.000491276701778,0.000353768904331,0.00140515644693,0.000616305792199,0.000115487475186,0.000297654854498,2.48617049329e-05,0.000868505325312,9.04703314462e-05,0.000669514237781,0.000688692110246,4.50321504793e-05,0.000333308080392,7.64452240644e-05,0.000148513829765,4.91019793553e-05,lamp
0.0291923020299,0.00316922827349,0.0128208069567,0.014430153488,0.0266900311289,0.20171798807,0.528279002985,0.0457699743259,0.0174099930873,0.0093838318145,0.01239486293,0.00501206113518,0.00466430921208,0.00774248001714,0.00576201974081,0.00334576611329,0.00132953526472,0.000269430167055,0.00118694453667,0.000929058153938,0.00146239054015,0.000700533816968,0.00123340550149,0.00293471023286,0.00177934083929,0.000522507726278,0.000246417200077,0.000702512176415,0.00136585561613,0.000353333311917,0.000338226457167,0.000515688766197,0.000822228972235,0.000164012263907,0.00159194959437,0.00109426584165,0.0016813997782,0.000199362577826,0.0012398455652,0.000344053589296,0.00048981687221,0.00262683000298,0.000156978837273,0.000140077904203,0.000654888763385,0.000532680550302,0.000994089359102,0.00103981544956,0.000805421118051,0.000348985259464,0.0004498813669,0.00256739663639,0.00176069332721,0.000233426444999,0.000364940929851,0.000765025703565,8.70030351141e-05,0.00193906811647,0.00356923213493,8.78456891561e-05,0.000506953160311,5.10380336435e-05,0.000178023177687,0.000376763459917,6.36340775504e-05,0.00307363277376,0.000986405984091,0.000103112581402,0.00065282334719,0.000258285733543,0.000537686955461,0.00029316713488,0.000619528041151,0.000562973299969,0.0017525394818,0.000473120138977,0.00029633859015,0.00016568234321,0.000246144700872,8.84052589172e-05,0.000615371143279,0.00148950034739,0.0017429470896,0.000507612851261,0.000179847240052,0.00110573842015,0.00191181108423,0.00048226104836,0.00152065771423,0.00132566670624,0.000607755688277,0.000521038884621,4.37950904862e-05,0.000566508333239,0.00039932749068,0.000436376830341,0.00108332534555,0.00127121861221,0.00200280719005,0.00026281149882,0.00023144581737,lamp
0.0224699491773,0.00026667479177,0.00365033632204,0.0063593786985,0.017032592684,0.195330315177,0.574436271785,0.0563378053396,0.0212824577648,0.00662558296189,0.00971935704511,0.00907280113692,0.00360970592394,0.00406721995319,0.00074997652694,0.00147684150499,0.00561378262159,0.00430115325292,0.00143382881109,0.000826591608326,0.00215585672528,0.000144113386416,0.00454863231873,0.000318928482628,0.00114114210066,0.000135028460498,0.000633612523271,0.00118357985879,0.000206194009115,0.000167416492629,0.000561613684802,0.00126208382198,0.00335267350555,0.00168044253048,0.000446315490143,0.000182487807654,0.00165643111199,1.02001725624e-05,0.000266599338453,0.00107647895192,0.000138198733664,3.07671272454e-05,2.94590894565e-05,0.000315653007888,0.000825274365749,0.000259064350031,0.00122544613246,0.000439688712151,0.000163021141095,0.000694253120838,0.000151389534799,0.000774471845534,0.000225811316642,0.000450600653907,0.000402955635038,0.000787704788749,0.000598911203742,0.00013157308387,0.000221586799254,0.00031095186748,0.00208815326711,0.000288982629771,8.26543255549e-05,0.000324718561137,0.000982037649031,0.000149740434812,0.00204789905669,0.00138485681512,0.000252071696236,0.00199644246946,0.00134562771113,0.000540039523975,0.000552064466036,2.5932953607e-06,0.000591256789908,0.00271381640333,0.000479827905216,0.000870813558583,4.29192246391e-05,0.000360128304023,0.00102290796806,0.000600674867795,1.95135729673e-05,0.00100230316976,1.97850974316e-05,0.000235392577678,0.000793754546307,0.000435885555487,0.000138775755806,0.000107333077197,0.000783941400439,0.00028621842207,0.000254832659273,0.000364896187027,0.000236494309562,0.000111709897952,0.000858646314666,0.000745554160154,0.000345729426481,0.000357144825627,0.000212625751122,lamp
0.0197132721569,0.00474722731082,0.00877663469607,0.0199279634621,0.0417500213163,0.250564610683,0.504693779337,0.0461473996589,0.0151450193799,0.00342245177829,0.00120251755493,0.00377833464314,0.00172392522428,0.000634083214712,0.000429431067137,0.000889594671452,0.00056320658138,0.00628750118023,0.00191053406724,0.00419321797972,0.00272497104136,0.00163698976526,0.00120184632128,0.00175596645978,0.000740888751151,0.00336256534391,0.000543303005569,0.00130911698474,0.000480186996688,0.00181403869009,8.10966555346e-05,0.000372584719065,4.15281927642e-05,0.00035297223563,0.0019059702371,0.00081013369191,0.000313008534742,0.000354801916324,1.02196663792e-05,0.000415588053166,0.00162545893399,0.0033196487247,0.00119832330904,0.000316167994005,0.0014758255815,0.000177178622836,0.000287009001906,0.000244429928103,0.000573019606998,0.000362589623033,0.000782458849245,0.00088564188157,0.00060255978336,0.000425346654143,0.000638337844147,0.0018257815803,0.00168723418035,0.00167751445592,5.24583690915e-05,0.000717190112504,0.00029573708064,0.000176194392803,0.000382362354823,0.000609769397456,0.00134603728386,0.000362748511439,0.00038068189176,0.000315966892734,6.29904752547e-06,5.87859372332e-05,0.00124264705913,0.000627825080755,0.00253583042111,0.00195893624155,4.51794776668e-06,0.000365352670556,0.00010864167997,0.000717874269483,2.04387026191e-05,0.000195828026934,8.0509839326e-05,0.000109722618788,0.000231073643134,0.000388435425479,0.00195375910221,0.000991662212137,5.6431523302e-05,0.00124073869919,2.93115103747e-05,0.00029814673911,0.000685012392296,0.000997145274006,0.000733765605957,0.000137104653065,0.00153502593305,0.000568738295973,0.000158554684908,0.000985735722152,0.00062426854199,0.000129169381751,0.0007505350494,lamp
0.0213366507849,0.00585021656634,0.00949787172685,0.0321652019242,0.0367064839142,0.252929148218,0.526869908462,0.0375497196141,0.00711628373999,0.00149329416186,0.00138741509295,0.000782966189831,0.00410146466362,0.00250957977035,0.000354638887846,0.00146017930041,0.00110578620872,0.00198856568285,0.000154423579666,3.12894539039e-05,0.00141325915274,0.00278013763276,0.00164289808528,0.000335532001064,0.000934295851848,0.00111784757028,9.06882133182e-05,0.000565404796208,0.00163877351385,0.000532465094363,2.68687564723e-05,0.000687151859684,0.00233196419259,0.000487102839638,7.71046402108e-05,0.000191697393894,0.000438220054652,0.000481501108051,0.000158057459983,0.000120020734038,0.00101875617046,0.000443772042572,0.000943639352794,0.000690767862599,0.000576937565725,6.83568746093e-05,0.000528045232309,0.00027881003071,0.000367429844702,9.28235822472e-05,0.000786346140279,0.000447255676394,0.00101823870408,0.000362616708205,0.00121466248816,0.000782293719458,0.00121382287617,0.000778968513874,0.000791677335096,0.00124263643998,0.00105005186351,0.00173831731795,0.000195512688056,0.000298497351456,5.48522429759e-06,0.000262722225047,0.000611633750103,0.000948987173227,0.00107063364382,0.000614481323156,0.00108545406437,0.000280542382774,0.000733407674964,0.00233951057602,3.57294459766e-05,4.32604723033e-05,0.000122421141135,0.00150833839352,3.82056561685e-05,0.000303026893951,0.00102952926802,0.000922301365206,0.00154213619738,0.001100264453,5.3270599454e-05,0.000384556561226,0.000256369815086,0.000536481919668,0.00021130261416,0.000130674480034,0.000772976219279,0.000835796792579,3.82132957702e-05,0.000189665364559,0.000641917118901,0.000877628044418,3.29327740022e-05,0.000107008285538,0.00103923501831,0.000546822596129,0.000374761902304,lamp
0.00619684221036,0.0132425672111,0.00925525199085,0.0166410198934,0.0436282834577,0.308305169589,0.477610566024,0.0470367504875,0.00817526140882,0.00385683692804,0.000718706903021,0.00663436460474,0.00438055766449,0.00194820740434,0.000686215222133,0.000170733960087,4.69996406021e-05,0.00354568560633,0.000681836897993,0.000312797460069,0.000659745075839,0.00164746996893,0.000463456850139,0.000393928188393,0.00141571604313,0.00144392849854,0.00147008041719,0.000349502975017,0.00132326618121,0.000622882861102,0.000273089617412,5.20243484302e-05,0.000111922574852,0.00189613498686,0.000334746469763,0.000743174975178,0.000606752346387,4.5638376137e-06,0.00140139897493,0.000421567507932,3.52352831736e-05,0.000170321167279,6.09005169188e-05,0.000273913885521,0.000607654765791,0.00359778568081,0.000496121046395,0.000687162746439,0.00011163986546,7.07693039185e-05,0.000437558170779,0.0011007522284,0.000184003648917,0.000163805249574,0.000650250747333,7.17582283856e-05,0.000140550083626,0.000522440254409,0.000341222698562,0.000211156774176,0.00106804013603,0.000491142000686,0.000134334723421,0.00162164782859,0.00130981097997,4.22480631626e-05,0.000596077913498,0.000249305497726,0.000106732350665,0.000182442102314,4.96240541916e-05,0.000221675817568,0.000213223449689,0.00219425477909,0.000891823082209,0.00035320934837,0.000599203188897,0.000580789243222,0.000753792579105,0.000101297818245,0.000335650547648,0.000136300276188,0.000553049186166,5.81408941451e-05,0.000816483012869,0.000124856098539,6.7705177913e-05,0.000967966922241,0.000991936507465,0.000112415082167,0.000434081863438,0.00119416201624,0.00135966559441,0.000326283031693,0.000286503277943,0.000564259829347,0.000690093421963,0.000164289085532,0.000137766962959,0.000207039415776,6.56672293053e-05,lamp
0.0500088417815,0.00386273671451,0.00177997506348,0.0106808896378,0.0268202874414,0.220909669624,0.508983895782,0.0433980216816,0.0166372693851,0.0112027234344,0.0126601703472,0.00224917290617,0.00753124989536,0.00563804700119,0.00382370544555,0.00187923582663,0.00446147749264,0.00132388503153,0.00115838410749,0.00048049745913,0.00450995949022,0.000505320917185,0.000313755050498,0.00153259839292,0.001740097894,0.00121880491255,0.000516539465471,0.00153159111223,0.00150181208232,0.000194678876871,0.000688126100732,6.53431947017e-05,0.000263986006615,0.00179471578891,0.000251449360452,0.000969747938193,0.000546820497684,0.000385949075101,0.00047987756313,4.15221786793e-05,0.000242068023406,0.00114746976234,0.000749566462802,0.00273456773359,0.00140540043583,0.000646765737542,0.00146785666187,0.000313177848656,0.00144370051346,0.00139182746618,0.000123373694809,0.000541763865201,0.000451754238125,0.00183645177874,0.000124632341174,2.18573332794e-05,0.000162522179333,0.000129194844823,0.000130307181866,0.000216449517634,0.000689899041277,0.00141411987666,1.23641294357e-05,0.000535310083458,0.000540312045612,0.000286849827901,4.24286607081e-06,0.000879963786271,0.000370857816978,0.00112455740887,0.000257259219898,0.000819257056752,5.18842012815e-05,0.0011685439649,0.0001034156131,7.1135607619e-05,0.000633313494984,0.000142290210471,3.05504367271e-05,0.000335876926865,0.00241149452911,0.000904390563294,0.000396180528462,0.000282776065422,0.000171562665179,0.000128393381431,0.000112596785759,0.00253128775144,0.000375398103475,0.000499401740592,0.00270718842358,0.00261323652019,0.000483472273489,5.25216566693e-05,0.00245969321417,9.37715254726e-05,2.44917401339e-05,0.000213273074889,0.000510485121366,0.000167341362776,0.00356549977998,lamp
0.0066112755501,0.000274309501312,0.0023881498037,0.00529615038089,0.0250628409473,0.216667814295,0.566537385047,0.0421257730349,0.0120375975199,0.0117166390771,0.0130033954173,0.0134177516066,0.000806534665952,0.00207758332029,0.00693640735745,0.000996678170934,0.000162421290114,0.00336241958762,0.00146398013665,0.00188368231779,0.000694834855939,0.00190948231382,0.00385091718123,0.00114552965831,0.000438691409536,0.00131613593719,0.00192176621897,0.000338881782264,0.00125305502566,8.82414878225e-05,0.000532654013133,0.000101209289319,0.00153818670456,3.17600377687e-05,0.00100398427876,0.000689292394031,0.000639198268563,0.00112667824335,0.000625596178384,0.00107258244327,0.000539645111064,4.28992470539e-05,0.000528659347424,0.00215283240475,0.000627051109327,9.91264754709e-05,0.000477808749589,0.000486432377641,0.000460383738734,0.000615715235592,0.000241810744258,0.00207210896594,0.000527961636636,0.000437909017514,3.91961829873e-05,0.000619154437593,0.00129544220609,0.000382587178591,0.000836836031809,1.9095574916e-05,0.000714522433743,0.000790485940951,0.000671520714513,0.000261886018741,0.00201365845179,0.000282297455315,0.00072295229506,0.000235180476515,0.00128033635131,0.000103781203656,0.000281045842128,0.00143569012949,0.0016888921397,6.95214044432e-05,0.00231232384526,0.00163276023921,0.0016518431182,0.000784158436308,0.000895155345539,0.00131641363687,2.63618325835e-05,0.000481385122059,0.000150150799658,0.000249401638947,0.000883255694918,0.00111507826232,0.000397895680322,0.000538283221231,0.00133502731741,0.000986330689991,0.000423010532967,0.000611130128252,0.000896596842382,0.00163068005121,0.000292375714784,4.43481681118e-05,0.000750215684662,0.000252317349723,0.00169451194318,0.00196881945674,0.000478275867382,lamp
0.00965086729237,0.00634327192357,0.00594152873747,0.0151611016957,0.0346487954595,0.194876426387,0.570041818236,0.0448500892087,0.0198774968181,0.0105386134735,0.00226959196885,0.00430577571926,0.000568769310694,0.000807795812067,0.00458689053703,0.00251262997897,0.000507306767058,0.00803481214187,0.00207211893298,0.00149138252133,0.000972384096418,0.00103718570087,0.000450369894546,0.000316805923391,0.000260772485198,0.00032075482654,0.000467434620323,0.000734591657295,0.00240045293106,0.00212858389559,0.000446025581934,0.000576392552944,6.87028810376e-05,0.00578896162156,0.000817979929377,0.000936141054725,0.00151821000333,0.000611654897274,0.00120813020298,0.00095497460096,8.63649796269e-05,0.000581184172668,0.000212221498586,0.000403425698118,5.22441109864e-05,0.000562593462095,9.78727588603e-05,0.000670605422861,0.000391107596113,0.000781278066706,0.000362454624784,0.00137657776355,0.000646167211969,0.000254101442967,3.79650038699e-06,0.000295387041313,0.000103761878543,0.000493311954621,0.00101745320161,0.00155771276017,0.00189066550105,0.000694046972192,0.00207402419281,0.000401126946371,0.000487312763737,0.000423819984822,0.00192264607121,0.00114384042332,6.76897362116e-05,6.31027356791e-05,0.00114834260991,0.000541735532089,0.000834316210469,0.000341015398295,0.00107816975208,0.000208565700975,0.00029426164855,0.00132722602031,0.000551946823448,0.000516487522476,0.000519891671074,0.000342422347521,0.000901419040861,2.63092842109e-05,0.000510299280036,0.000217616929074,0.000729825605689,0.000936121863088,0.000823844508926,0.00244544570422,0.000311106790837,0.000596718887856,4.2873140973e-06,0.00035798494776,0.000568892586081,0.000254441302336,0.000970870550413,8.33398177564e-05,0.00138389838376,0.000683626565178,0.00026807964701,lamp
0.0189503307889,0.0182533307519,0.00442048812952,0.0141815971412,0.042074865614,0.228977554791,0.550424868478,0.0405431541632,0.0158625334267,0.00258798015106,0.00217370715405,0.000863694641083,6.23323183698e-05,0.000787591354191,2.50398223414e-05,0.000455988612959,0.000156857897739,0.00345941233667,0.00143976326012,0.000652104286237,0.00166963058592,0.000503739014897,0.00214443101764,0.000170664964531,0.000296207794073,0.0010118411358,0.000723119843233,0.00178024244538,0.000259707663666,0.00133320867524,0.000254305959562,5.50262957544e-05,2.15333555948e-05,0.000737495964604,0.000796024624324,0.00090183447526,0.00204434492003,0.00040803535621,0.000391257218193,0.000404206146358,0.000661174873337,0.000160365070296,0.00139898413673,0.000486002420245,0.000245525632571,0.000303861548695,1.72899410691e-05,0.00118419178896,0.00182311029125,0.000750823094626,0.00045423477203,0.000805124182459,0.000224656042755,0.000213763704642,0.000951808036931,0.000404909006009,0.000113413963872,0.00102770594838,0.000755369657171,0.00100762692097,0.00150141531472,0.000409847655365,0.000594172829373,0.000770926990889,3.73608543008e-05,0.000649784105629,0.000365702533994,0.000122323475749,0.000678294334247,0.000681257275094,0.00151098075378,0.000627168087399,0.000169955518033,0.000451697327327,0.000858433680412,0.000486990320175,0.00115153947606,0.00149566999276,0.000472292663136,0.000564849965367,0.000968768512102,0.000670292761207,0.000507555951035,0.0006636975781,0.00200205146747,0.00148011631672,6.27811115733e-05,0.000186093379536,0.00072671199996,4.58915387898e-05,0.000346145204387,9.60992728329e-05,0.000330516458614,0.000402217238287,0.000822860315638,4.61317770601e-05,6.50520713324e-05,0.000147001389159,0.000108953866256,0.000425808343708,0.00104459668394,lamp
0.00144172625868,0.00626170217521,0.0126534305019,0.0184725455326,0.0417407574786,0.25781123415,0.509314593082,0.0433895365429,0.0157217744807,0.00974425378013,0.00726064969521,0.00248156196081,0.0018382865017,0.000923714558152,0.00202750576035,0.000598730433616,0.00135925152079,0.00271770057737,0.0013025374763,0.00533501785819,0.00023163510411,0.00252336246613,0.00335948776797,0.000371292187898,0.0015187204354,0.00087729937436,0.000848717373967,8.24656373292e-05,0.000121805284422,0.000713738424044,0.000569716527111,0.000310864179489,0.000982683948903,6.67991538278e-05,0.000228477875209,0.000717088925861,3.93689098407e-05,1.42941331038e-05,0.00085416668129,0.000664542535773,0.00132725901991,4.67428747174e-05,6.20627831175e-05,0.00258145142571,2.5766201042e-05,5.5072013499e-07,0.00101163110769,0.00131920557268,0.000275501039473,0.00213011037171,0.000209838027549,0.000221265730414,0.000422262567426,0.00195079099311,0.000175540358333,0.000239206231877,0.000756057919333,0.000453220623442,0.000607734633857,0.000663342830554,0.000335986689654,0.00143071508016,0.00206007462811,0.000348306888529,0.00087575439704,0.000168839848371,0.000224386561496,0.000371741839481,6.43090170807e-05,1.56856209068e-05,0.000228167626859,0.000141179545505,0.000346586110129,0.00158433356347,3.21518040871e-05,0.000267873457374,0.000799249631475,0.000677953805103,1.21550103904e-05,0.000449672317239,8.17007328887e-05,0.000600218674834,0.000582890953037,0.000223576880287,0.000335710558277,0.00166404805563,0.00040766190667,0.000125484265532,0.00456688473374,0.000630829520751,0.000730833121786,0.00104060576334,0.000910894707741,0.000642908845467,0.000610469866424,0.000230682077148,0.00173460861965,0.000191247599884,0.0018092183101,0.000339433158777,0.000132389922744,lamp
0.0427260096544,0.00126334106776,0.00433022285637,0.00458422844526,0.020973878343,0.180934926705,0.555331950657,0.0594599968048,0.00954962802664,0.00571746933923,0.00758937403164,0.00189640233574,0.0104366849576,0.00355066323156,0.00339258635428,0.000442408584383,0.00219153545145,0.00111177064197,0.00109046724129,0.00149085963744,0.00269908770882,0.000567138228809,0.00208663325993,0.00635590598453,0.000923691876378,0.000876764833675,0.000725966118984,0.000880828178572,0.00371078719355,0.000237578354293,0.000135774936317,0.00140776092374,0.00138766434377,0.000246101331127,0.000978389847885,0.00466615855085,0.00176348085141,0.00144107089494,0.000306809771753,0.0016828813776,0.00167726914103,0.000542704625032,0.00212439469746,0.000772992014726,0.000565027263265,0.000674292006408,0.00141757348518,0.000778386189848,0.000710954986652,0.000365359368922,3.61351560923e-05,0.000334610495958,0.0020598899633,6.86376448463e-05,2.07248259049e-05,0.00083125003419,0.00160247707029,0.00147279491702,0.00047571203439,0.00359330331179,0.000229849025817,0.00327842628178,0.000894114328695,7.41841190619e-05,0.000217154034245,0.000903076498427,0.000416309644211,2.67659052199e-05,0.00036723763837,0.000349404232404,0.000165979591139,0.000561943588668,0.000847887020805,0.000994916069719,0.00044595242247,0.000578586865821,0.000233304610633,4.14260278316e-05,1.6906337235e-05,0.000595422919133,0.000509736590532,0.000139637061676,0.000229179082279,0.000412222493062,0.000563717195835,3.59593261765e-05,0.0028953480174,0.000866982529158,0.000452956610594,0.00131479541145,0.00151594657186,0.0015221210195,0.000712348740418,0.00107070892265,0.000806676949495,0.000396024946659,6.7598307587e-05,0.00195572625106,0.000206415911261,0.000417031040208,0.00140065169257,lamp
0.0476399417576,0.00407106093582,0.00658190512217,0.00362272691826,0.0317753711494,0.187621300866,0.539716563163,0.0437488369557,0.0204843047772,0.00962782040145,0.0111823867019,0.00921492350533,0.000767541825839,0.00177859777309,0.00162382618419,0.00206437619462,0.00238661363356,0.0117660246655,0.0011485247708,0.00065675858431,0.00173573639604,0.00346813254772,0.00141795229828,0.00238796148327,0.000362720804493,0.00119586211186,0.00169803532836,0.00141762933452,0.00142044202648,0.000113324601459,0.0006498540565,0.00272421807364,0.000143470586353,0.000797551633728,0.000227906219551,0.00310337509086,0.000658612846332,0.000350231827484,0.00045232099745,0.00180460606226,0.000281401283969,0.000159857422907,0.000259008882328,2.75100938878e-06,6.84111076999e-05,0.000320833769754,0.000350012837322,0.000302295114354,0.000340832750266,6.9847848698e-06,0.000361729773494,0.000642238632256,0.00271287077474,0.000733041234953,0.000222591377168,0.000481851311489,0.00157731448531,0.00043907968097,0.000179935831629,0.000819931390184,0.000259653834645,0.000400846312507,0.00155941146241,0.000100818445127,0.000610684167114,0.000263285222301,0.000537849378536,0.00267582920412,3.2005936557e-05,0.0011559958557,0.000501568516556,0.000426990946025,0.000205444412768,0.000386330902542,3.57393862553e-05,6.56215025678e-05,0.000333822191619,0.000355859788623,0.000229910823949,0.000132644256934,0.00137641802091,2.61318523389e-05,0.000934987580905,0.000323466114068,0.000511744133723,0.000785535134999,0.00264733099428,0.000136697558766,0.000145338564962,0.000500573748482,0.00130026906505,0.000714630034494,0.00142293829961,0.00152551681423,0.00079480686144,0.000528978756038,0.00125987686396,8.75879515412e-05,0.00028452963868,0.000486017498342,6.39882992824e-05,lamp
0.00671257866541,0.00549416225156,0.0157832778523,0.0150107016857,0.0405342312736,0.250756481943,0.544294470132,0.0254771334557,0.0126552247923,0.00355167377999,0.00477419443127,0.00218325807702,0.00186594741958,0.000747009790825,0.000318718599823,0.00183658051573,0.00165905288772,0.00789012338746,0.000352747938595,0.0010484445504,0.00117077513817,0.00124775606237,0.000236907145267,0.000330032021559,0.0004322795956,0.000362246272426,0.000984185298157,0.000380095383799,0.00199278393826,0.000583883292338,7.01943708082e-05,0.00186558827936,0.00131092509403,0.00111516270793,0.00116476597422,0.00034537352858,0.00229512504664,0.000638153072622,0.00121972325224,9.67156129001e-05,0.000148028483586,0.00417662532872,0.000927154940041,0.000161484632659,3.16403915722e-05,0.000203319416992,0.000119153088946,0.000932968957145,0.000262929037126,0.000663387350527,0.000681015601233,0.000381849918843,0.000104830668679,0.000598226104091,6.41397273719e-05,0.0012180439598,0.000727513296954,0.000775010684387,0.00226023001764,7.74061311003e-05,0.000620393808059,0.000880630963525,0.00105113250325,0.00126221230904,3.33720185994e-05,0.00112281961951,0.00025626935594,0.000492346738699,6.47755168844e-05,0.000706499199284,0.00143889264798,0.000324086525615,0.000471746099885,0.000139671775244,0.000244259382192,0.00109567408758,0.000973135861223,0.000560877387462,0.00131482902802,0.0004928855136,0.000641031238815,2.44689659748e-05,0.000376955665609,0.00100419303896,0.00314344363898,0.000118855749421,0.000542084452267,0.00025561491963,0.000322320431133,0.000314085885764,0.00164378066485,0.000547982947844,0.000583465912627,0.000187432756353,9.66438205782e-05,0.0001902810282,0.000706537398074,0.000212621667349,2.34095129121e-05,3.61403424415e-06,0.000211023674155,lamp
0.0246716634655,0.010022727911,0.00943556984223,0.010168487934,0.0469177652317,0.242000418855,0.526198859911,0.03344138667,0.0122854924593,0.0021809503613,0.00688496778079,0.00157437711452,0.00663368500241,0.00275276516498,0.000712791357318,0.00238146535121,0.000627841685644,0.00604789064788,0.00144117100085,0.00148257665838,0.000228228859391,0.000455477258783,0.00241790053746,0.00145615742749,0.00112631610416,0.00102626552295,0.000596023799775,0.00032356517738,0.00213302246485,0.000557440482722,0.000442463799781,0.00031011523224,0.000675512429673,0.00098091913206,0.000435812203132,2.62087828335e-05,2.19929017144e-05,0.000439247259113,0.000374328442472,0.00124998712181,3.23979458396e-05,0.000321399278482,0.000298219964624,0.000162827190458,0.00208347909759,0.000601848921782,0.00184771118125,7.21319205854e-05,0.00101083366541,0.00195739009477,0.000739067618386,0.00012525642329,0.000123103735848,1.33469859054e-05,8.17600959504e-05,0.000454186386723,0.00218677315319,0.000371562919311,0.00117846506884,0.000210440264858,0.000616102150981,0.00029342597922,0.000491545168506,0.000674315144561,0.000513399288059,0.000379632685372,0.00142472758739,0.000191538790695,0.000702003363993,5.61284006882e-05,5.81844561389e-05,0.00013530348043,0.00167044558784,0.000390797364034,1.13901508584e-06,4.12965213645e-06,0.000427145899281,0.000420508793707,0.000240662687036,0.000554499975134,0.000289322562064,0.0024669288662,0.000216932319326,0.00175659760439,0.000238644064772,9.09137781816e-05,0.000785186252569,0.000406817767917,6.70434954303e-05,0.000268694664472,0.00146762826257,0.000382891545062,0.00017444242306,0.000449717806485,0.000825774205579,0.000203752529675,0.00024039047237,0.000126413607501,0.00074460338289,0.00216008641686,0.000379541244347,lamp
0.00853124939049,0.00274353116119,0.00283483800795,0.0142238409553,0.0321460719248,0.211860876442,0.565152889629,0.043207498899,0.012802086281,0.0126273305932,0.00222732042217,0.0104781339201,0.00270686665092,0.00348078067944,0.0026005365157,0.00406664018223,0.00113318528716,0.00441196190554,0.000906237856273,0.00145546339347,0.000178619405978,0.00270147563858,0.00344195504241,7.70484081931e-05,9.79254502209e-05,0.00242543520644,0.00136870937624,3.97305097125e-05,0.00221756494649,3.39638177089e-05,0.000275250193792,0.000570886619233,0.00106104725911,7.17157740657e-06,0.000396117641081,0.00016468509442,0.00147169558503,0.000127308113158,0.000104611815692,0.000880560658441,0.000264261363392,0.00160476443928,0.000238780374464,0.000538629706615,0.00126444895856,0.00204836968657,0.000256985795973,0.000423772796696,0.000818068116588,7.19411358703e-05,0.000421296266197,0.00115344254213,0.000356055680891,0.00107474588424,0.00085383261656,0.00136042393154,2.25869359657e-05,0.000422148344021,0.000194751547986,0.000224671688636,0.000893150493444,0.00129288203346,0.000303862841703,0.000507647206979,0.00117078542644,0.00035240054167,0.000586207522639,0.000161047563464,0.000769287106243,0.000353657253095,0.000402520817937,2.26591674921e-05,0.00117660591908,8.0051755968e-05,0.000154155036169,0.00061595975231,0.000352283505115,7.53090806072e-05,0.000148451278251,0.000623677791088,0.000347853504855,0.000692075203419,0.000241345839921,0.000543919382934,0.00128880274823,0.00067867902226,0.000526848370919,0.00131331483345,4.59599176931e-05,0.000549064463802,0.00502151979677,0.000152008504965,1.32788760929e-05,0.00022225208805,0.000544132413244,2.56225327382e-05,0.00112581966178,0.00108978291179,0.00043282480293,2.45474261908e-05,0.00422466533603,lamp
0.0177429632474,0.000996085374538,0.000252616715053,0.00785506621854,0.0216889942063,0.196318048429,0.560138443191,0.0413674803198,0.0234002381647,0.0174238461757,0.0111213267782,0.00404749994962,0.000819893323308,0.00171114795192,0.00230194618623,0.00395767825892,0.00445504332498,0.00402779152381,0.00359864218285,0.00234149173582,0.000540217442046,0.00123908075972,0.000632112518828,0.00256105573964,0.00325164597413,0.00228198477752,0.000190352001713,0.000895296282806,0.000673783201461,9.33552643542e-05,0.00226821261993,0.00188959312334,0.00175398123783,0.00123252404392,0.000652179650949,0.000299997406619,0.00321261423077,4.10923131339e-05,0.00013191100495,0.00185259795353,0.000111457003479,0.00119219313469,0.00139441430068,0.000760483191408,0.000351567923767,0.000960220060862,0.000394168286856,7.04190319784e-05,0.00210242319306,0.000742345393686,0.000877671292652,0.00157244201108,0.000111586403404,0.000131607871463,0.000917088208825,0.000117522700751,0.0018692074996,0.000836666689837,0.00055526453641,5.60798852058e-05,0.00283326528636,0.00226160338142,0.000217874603915,6.65235985257e-05,0.00108616497728,0.000211851884592,0.000848775111908,0.00150268778068,0.000349971131419,0.000139700484258,0.000740272821541,5.17000342193e-05,0.000697077096317,0.00256880729925,0.00222591664746,6.46013216057e-05,0.000956309692554,0.000183414421645,0.000124985934182,4.3586020182e-05,7.66659327379e-05,0.000503660679721,0.000767872791602,0.000343552355201,0.00179299902181,0.00018991636075,0.000296111526406,0.00121406027244,0.000127785589733,0.00169134135501,0.000208550219657,0.000860565666319,0.00134954432006,0.000818809013343,0.000458840696684,1.56731005905e-05,6.73969734152e-05,0.000613569295719,0.00183748252225,0.00034157556401,0.00286427778827,lamp
0.0171812080537,0.00662896958426,0.00696003130812,0.0184576706814,0.0286346002185,0.206045321389,0.566469298139,0.044959894834,0.00802014291216,0.00915857511069,0.00293925544978,0.0023657277778,0.00593507888637,0.000815564230034,0.000472999922995,0.000959622641351,0.00155235984845,0.00944163033674,5.0056179503e-05,0.000708182682191,0.00120792618507,0.000536298113444,0.000971355902071,0.00147591509784,3.04631842192e-05,0.000139133227064,0.00209715427757,0.00061002189715,0.00226528151434,0.000306114727519,0.00054776814382,0.000369237358908,0.000123374502657,0.00116410558931,0.00257298626598,0.000415788259429,0.000235454208201,0.000591358656034,0.000866742013807,0.000558821873721,9.96592743991e-05,0.000903355994059,0.000215635678905,0.000374674750383,0.000194548484157,0.000183555595222,3.68401658666e-05,0.00173935645801,0.00111706037485,0.00105734100285,0.00181481988769,0.000224228104135,0.00111280800713,0.000356477825233,0.000238824059719,0.000183457699329,0.00130770367212,0.00138461583399,0.000544963294473,0.000502173914621,0.000315152845198,0.00234729556965,0.000422327469182,0.000329382121284,0.000462946735751,0.000152028397645,0.00138554900865,0.00219866657055,0.000122631081455,0.000189797882361,0.0022191545105,0.000500284697679,0.00142886244313,0.000274275745424,0.000287533140389,0.000662126874292,0.00198672011454,0.000188283817922,0.00174306565917,0.000844164722202,0.000709134041585,7.42375391059e-05,0.0015135640741,0.000418697978102,0.00148959074465,0.000682201502042,0.000996672576915,3.27939389355e-05,0.000256630613323,0.000234390604055,7.7276217228e-05,0.000365472993756,0.00160122127018,0.000989217348431,0.000197653946248,0.00117805190907,3.9244920289e-05,0.000132476872723,0.000184386967098,0.00198260637482,0.000350636899055,lamp
0.00506545819665,0.0259835488908,0.0103542590411,0.0194933722123,0.039326936628,0.280442576891,0.486959245351,0.0453207785168,0.010531792786,0.00796797388044,0.000198482371744,0.00541344202307,4.15176120797e-06,0.00103286901226,0.0024358933745,0.000214636154308,0.000249928132435,0.00566656699784,0.000913600968057,0.00071052418528,0.00264489012359,0.00200929250624,0.000622855565263,0.00104308988954,0.000411139380764,0.00193332361837,0.00023284639419,0.000441175306753,0.000266373430713,2.38366928636e-05,0.000483075780728,0.000900776330762,0.000404471334537,0.00221013124411,0.000825315464603,0.000549938568416,0.000310293277667,0.000679500145179,0.000258378838933,0.00130102053575,0.00015461806239,0.000105547624497,0.000199080507244,0.000120718047045,0.000123608536067,0.000186282950382,0.000134255288402,0.000216500391515,0.000391319813111,0.000297351337074,0.000794462442959,0.000331977196285,5.27701686662e-05,1.41217953281e-07,0.000328234913303,0.000191976977043,0.00279200264168,0.00027284957794,0.000780700839602,0.00212596282398,0.000398104924702,0.000911208305485,0.000317712755818,0.00175728678397,2.48922856824e-05,0.000499595414604,0.000416746564927,0.00214846799723,0.000500787458818,0.00107836911887,0.000444511815566,0.000528727356737,0.000485525460554,0.00153245918924,0.000898856689363,0.000751608888088,0.000525191833783,5.01713876258e-05,0.000528945386955,0.000985360160021,0.000427367707396,0.000338044572519,0.000699634914165,0.000141508320917,0.00280285018294,0.000351182348659,0.000120373826269,0.000289154106324,0.000163700341445,1.49525880712e-05,0.000145213022632,0.000369353963605,0.000204562792607,0.000537678241203,0.000917870903725,0.000717236380908,0.000232373450103,0.00055037373245,0.000514732955095,8.14348767575e-05,0.000157747833114,lamp
0.0455574079251,0.0093836835141,0.0141744240158,0.0109008700865,0.0356619668886,0.235414563251,0.487971308239,0.056768726919,0.0116399275885,0.00991163869886,0.0024432859854,0.00517172407781,0.000976137663574,0.00176311291896,0.00252255424116,0.00221078277817,0.00147142777408,0.00400341662574,0.00272896529249,0.00158332353259,0.000157152016233,0.000363070980671,0.00175637048303,0.00175448060462,0.000837747516004,0.00130237441855,0.000215755466657,0.000603029594715,0.00120708124822,0.000346595066893,0.00166713708098,5.24050375413e-05,0.00205862402574,0.00113183734456,0.00204039076584,0.000402859479304,0.00040905197739,0.00102513638219,0.000439069663889,0.00063088552422,0.000405170918425,0.00112862016443,0.00114093983795,8.84527528123e-05,0.000516849890514,0.000663528928817,0.000197516134399,0.000356414578957,0.00070790858089,0.000153450722201,0.00029996143353,0.000131481229461,0.000199456502571,0.000175009942331,0.00116857432485,0.000940785123392,0.000346604959811,0.000292690713856,0.00242375063414,0.000537965699282,0.000507728485526,0.000600615158669,0.000406069367921,0.000237737321277,0.00119752372609,0.000295307294274,0.000760392912593,2.50072508658e-05,7.40164597591e-05,8.584831044e-05,0.000219716778855,0.00104786594505,0.000157521061031,0.00143088409237,2.26996605485e-05,0.00132449872497,0.00164402691552,0.000549878071722,0.000409389829993,7.42240743994e-05,0.000457643318384,0.00141395759603,0.00358662486252,2.37372349036e-06,0.000599308297209,0.00121024572808,0.000855953049711,0.00210907387411,0.000330540930925,0.000119397653609,0.000705947351717,0.000106706275542,0.000176160818801,0.00133094142988,0.00014672124751,0.000883871534337,0.000181712828197,3.26286049831e-05,0.000387010244205,0.0012126456973,0.000544147725224,lamp
0.0268332729345,0.00395346205288,0.00678657729333,0.00436494203599,0.0217495356292,0.18889872401,0.536508070548,0.0589146052391,0.0254118688737,0.00792310403869,0.00739200643156,0.0109545951934,0.00633965844142,0.00400192074479,0.00231918281739,0.00238622946187,0.00131560386159,0.00352990804884,3.14973269884e-05,0.00179391045666,0.00130180900374,0.0021390505866,0.00114848811176,0.00187779000483,0.000250909514674,0.000272323398817,0.000413757662953,0.001983635044,0.00102416585614,0.00380820316098,0.00131753734424,7.9203661172e-05,0.000428164269312,0.000185165978407,0.00165453769622,0.00135703184836,0.00105231054069,0.000795761171076,0.00213094252422,0.00470671009933,0.00184994297381,0.000930184053751,0.000250018603168,0.0029468424068,0.0015589962773,0.00165512074001,0.000491837756621,0.000185080814489,0.000412591194473,0.00160758964367,0.000284110656039,0.00103326331499,0.000364056990493,0.00158806251059,0.000975197215991,0.000904557029085,0.000145405618386,0.00215383587497,0.000480877634563,0.000138730511864,0.000160247377045,6.75690687947e-05,0.000321825289951,0.000184223248798,0.000514446494586,5.0086850129e-06,0.00113749661874,0.000576632247415,6.5736524598e-05,0.000550655913031,0.000150572795348,0.00235799847479,8.67914165476e-05,0.00204372106004,0.000441361399628,0.00059013127676,0.000688537314755,8.34284988852e-05,0.00103867190132,0.00242546962541,0.00300659464183,7.37364989006e-05,0.000697471677958,0.00104850014007,0.000305046837864,0.000646696075662,0.000436345325941,0.000104779530395,3.78781091353e-05,9.51361944921e-06,0.00222019901438,0.000703635915829,0.000229896318455,0.00196470211029,0.00131669941602,0.00102789346643,6.72224096429e-05,0.000330903269208,0.000182472254208,0.00019380517949,0.00261300821896,lamp
0.0226084940274,0.00300693542463,0.0039764015076,0.00938718210483,0.029384207642,0.19084393506,0.552528223594,0.0522347890101,0.011369912058,0.0187128917109,0.00747761752419,0.00518736247262,0.00516832752288,0.0032134475966,0.000446271969528,0.000991639174829,0.00574822289884,0.00965360491321,0.000482798861668,0.00138669154014,0.000675692355791,0.00127522124935,0.000529925686737,0.00232913971728,0.00251648015723,0.00389702999511,0.000475371096775,0.00165477480633,8.41248483545e-05,0.000559712370608,0.00324042544392,0.00043440588267,0.0041069711218,0.000218741832338,0.000807531862214,0.000896528713658,0.00172645463153,0.00133620278606,0.000791797054638,0.000335502728335,0.00111482177234,0.000361199813646,0.000105021351853,5.79619735734e-05,0.00229699169687,5.71533596366e-05,8.92230154985e-05,0.00137769661076,0.00239377731943,0.00151242319078,0.000487450777352,8.56177439617e-05,0.00211460698743,0.000185689807828,0.000928531020648,0.000205785563868,0.000317630574937,0.000410791519898,0.00010814787107,0.000831518108091,0.000375949760483,0.000284297268211,7.03076257762e-05,0.00154803753097,0.000209339170616,0.000287901641743,0.000183568682208,0.000154460919859,0.000903761251726,0.000184378380882,0.000330457021049,0.00128698931743,0.000545046000638,0.000534173389688,0.000124234464195,0.00029372925559,0.00041309902792,0.000940158906567,3.43914890393e-05,0.000977869534889,0.00206118352902,6.3308877459e-05,0.000963944032234,0.0019284670433,0.000446156304777,0.000883162867138,0.000712216839663,0.000141475438117,0.000533998903285,0.000841860875477,0.000261675479939,0.000882680603467,0.00135754194574,1.02913880284e-05,0.000603235884688,8.17109591041e-05,0.000594991815146,0.000161142918361,0.000437690950698,2.70930409861e-05,0.000580988629223,lamp
0.0314581622157,0.0050180230986,0.0117196266348,0.0137362116589,0.0317821816959,0.225955073033,0.522098651726,0.0448425068846,0.0182967431731,0.00329252421412,0.000412317440059,0.000546392338499,0.0020573855177,0.00470504941948,0.00302823670102,0.000564343711873,0.000473189974408,0.00727103857917,0.00233627678683,0.000437818037402,0.00056597337411,0.000524503875906,0.00161237971246,0.000642205851663,0.000304536370048,0.00168225448361,0.000762335677842,0.00131995570675,0.000152369272504,0.00071638812717,0.0010519057472,0.000152370910013,3.21370221526e-05,0.00155989530248,0.000808636094858,0.000868841400762,0.00111793650844,0.000260433782873,0.00205872177372,0.00132448009265,0.000840152150873,0.00182194586707,7.12569998409e-05,0.000196441805658,0.000216183260474,0.000735705961685,0.000359252583571,0.0011424978032,0.000266103431657,0.000345901823803,0.00108660885536,0.000146258802553,0.00085045374695,0.000254221941442,0.00281182504034,0.000132913120263,0.00229794086658,0.00176964357448,0.0041781576348,5.1817324126e-05,0.00033006100508,0.000510016726401,0.000365182778024,0.00019413012493,0.00533126800423,0.00110498326825,0.000351807284236,0.000142776836188,8.13123291271e-05,0.000797018783643,0.00148303468907,0.000735356939802,8.14597212967e-05,0.000347636960947,0.00147014676768,0.000780725588537,0.000151659061787,0.000144930135351,0.0007137583573,0.000629545869806,0.00150469403546,0.000387432832495,0.000490213023394,0.000186762218469,7.13733339153e-05,0.000758551682988,0.000710541962247,0.000235021953135,0.00116877954426,0.00142475622752,0.000477881831848,0.00125542918476,0.00178449404118,4.71176615577e-05,0.000642499655057,0.000337252611418,0.000402739006198,0.00178571714317,0.00271871860201,0.000425492429844,0.000312423264054,lamp
0.00595441875002,0.00773700925747,0.0138432827825,0.0229208770721,0.0481492465181,0.24972298883,0.509545928483,0.043584423354,0.0202632609265,0.0066020768261,0.00304387442747,0.00196782440538,0.00150739481906,0.00223994755443,0.000460568565743,0.000368011726389,0.00027770930355,0.00319686079423,0.000438525193007,0.0010796372419,1.15527949057e-05,0.000507601387592,0.000183527184922,0.0030420118923,0.00136364924742,0.00119292443227,0.00355590185639,0.00188120447197,0.000838856513536,0.00181837680547,0.000321338255773,0.00200733459344,4.82419287185e-05,0.00012526114824,0.000261421835515,0.000241541138234,0.00225089234835,0.00134180961665,0.00043690322932,0.00121194722107,0.00022976510928,0.00152602722403,0.00133639858282,8.83779994159e-06,0.000370941224543,0.000541331390547,0.000250449681251,0.000872318800743,0.000233396126226,4.55081366275e-05,0.00307097402574,0.000673913380119,0.000536475525159,0.000443316605621,0.00141746332686,0.000189471501967,0.000233836006103,0.000415977029229,9.75324073535e-05,0.000474452215541,0.000147265625124,5.10470721494e-05,0.000130944563281,0.000347388274656,0.000688893954679,0.000990359569839,9.51156890208e-05,0.000182431605538,0.000253631338093,0.000617493458897,0.000428115627257,0.000201343683076,0.000328158299349,3.43628059632e-05,0.000345887029521,0.00161129279643,0.000444340612327,0.000612304615909,0.000197145251626,8.7564106104e-05,0.000211074120687,0.00170539096762,0.000274057933643,2.74843514409e-05,0.000210777555571,0.000490051288743,5.10926037381e-05,0.000407645191444,0.000810957847578,0.000565292207928,0.00586297699883,0.00093129490335,0.000128038369295,0.000268609576774,0.000602386146101,0.000258826353104,9.98140941454e-05,0.000158181783429,0.000127164685629,7.91224256394e-05,0.000420123783876,lamp
0.0465153895236,0.0118640823289,0.00279062272989,0.00951770584957,0.0246433682574,0.206019344279,0.541139912108,0.0456475767116,0.00978623647738,0.00964217261699,0.00428664218548,0.000623749912467,0.00515918383977,0.00190482558053,0.00190316004321,0.00239224540945,0.00105570829779,0.00307375759211,0.000872627560386,0.000387067574219,0.00011217866918,0.00195377628019,0.000439724459622,0.00119416002956,0.00115718043322,1.84773066197e-05,0.000846853450701,0.000481243371456,0.00496348211289,0.00117760993868,0.000396051028487,0.000454011198949,0.000651134389169,0.0011255351401,0.00157021472742,0.00165434750195,0.000619984102936,0.00108910613297,0.000285015333851,0.00547579763636,0.00244630510716,0.000356114479128,7.15934560009e-06,0.00132071322981,0.000376948763407,0.000957036962149,0.000899789775058,0.000465604335585,0.00300778638649,0.000577621586467,0.000512372183979,0.000508868326176,0.000208992825072,0.000667383414396,0.000142704072271,5.79096974091e-05,0.00213713341475,0.000625362012863,0.000234953646194,0.00102669490772,7.37175008625e-05,0.00013368987534,0.000297732404077,0.000150331314314,0.000584134316894,0.000652907815981,0.00148538748314,1.91978970416e-05,0.000739030845085,0.000946973968109,0.00149286672571,0.00048396642821,0.000460871748109,0.00216989346168,0.00159293857346,0.00117297821739,0.000176330879842,0.000231247303117,0.000637600191852,0.000207411511972,0.00243595017723,0.00130107193484,0.000269003973762,0.000464092453039,0.000423465350986,0.000936653095672,0.000446531869926,0.000368634752133,0.00056532475271,0.000390515914759,0.000236865598485,2.49729084622e-06,0.00410072727261,0.000270239113713,9.168345405e-05,9.40065987525e-05,0.000280629570119,0.00023525581811,0.000673103633839,0.00115641214538,0.000119410173284,lamp
0.025501019815,0.000297555930493,0.00497719273137,0.00524682043958,0.0211745839011,0.195652456501,0.570989925447,0.0553579003777,0.0157932334526,0.0135308599268,0.00596196170777,0.00753093185313,0.000881946463523,0.00434327850467,0.00253811494981,0.00129014275116,0.000500248296911,0.00430113000947,0.000913566298955,0.00617293282542,0.00468929328121,0.00086736741488,0.00172146092284,0.00150123856654,5.77453718154e-05,0.001213862606,0.000587435988043,0.00280665270583,0.00223053807463,0.000266004553666,0.000336293878672,0.00036200916712,0.00110479049406,0.00199039990041,0.00199566947284,0.00145628546671,1.51570081652e-05,0.000394946893509,0.0011849404552,0.00104965717294,9.25251625225e-05,0.000245418260974,0.000513964748324,0.000458365638627,0.00025540345275,0.00089126732793,0.00309306279037,0.000908272969163,0.000462003873591,0.000354440646203,0.000320606147495,9.56857540155e-05,0.000752216611548,0.000696268281268,0.00058794645638,8.07219888253e-06,0.000177731287729,7.95261843346e-05,0.000489199298327,0.000569908686799,0.000570768944439,0.000435194057167,0.000133445587543,5.67429502533e-05,0.000590148428176,2.41784803113e-05,9.78557980957e-06,0.000208637234574,0.000941107080662,8.13807889192e-05,0.000868886905715,9.35471708715e-05,0.000250776340082,0.00252237868082,0.000871695022902,0.000735778619637,0.00165880227958,7.54021324214e-05,2.59427019384e-05,0.00169804305136,0.00119503186311,0.00117685799102,9.93747101635e-05,0.000149281508743,1.98060288929e-05,2.51708163224e-05,0.000342007614192,7.46515226404e-05,0.000103320370952,0.00120227472775,0.000103123699911,0.000494826070438,0.000192764886323,0.000361345396085,0.000843145134943,8.92956172191e-05,0.00140762574928,6.35476708117e-05,0.000156480079996,0.00019122319226,1.67659564858e-05,lamp
0.0117747864088,0.00701276837285,0.00678654995609,0.0132024345477,0.025421763472,0.219433654969,0.522915764334,0.0540710614359,0.0142846699337,0.00846446419351,0.00589462065976,0.00432266608597,0.00310073268703,0.00227352159992,0.00076195549849,0.00265355272917,0.00230482982076,0.0146072387851,0.00415871530893,0.000895839786377,0.00214187230725,0.00271866667224,0.00655341708823,8.51747379892e-05,0.00172510690737,0.000490199077829,0.000980758900567,0.00526782793444,0.00311828640555,0.00121871046224,0.00056464486974,0.00125042473787,8.05189410747e-05,0.000575489500849,0.00134609393607,0.000484499876698,0.000165633640327,0.000259750697746,2.94806071372e-05,0.00280622482205,0.00155924905563,0.000139668568757,0.000330073877735,0.00183363423387,0.000321557428829,0.000343555461245,0.00187825314556,0.00045361158327,0.00132782211289,0.000227039773665,0.000151313606975,0.00033471930101,0.000533234718524,0.000604698908166,0.000132260608816,0.0017529686727,0.00134016007669,0.000703387589206,0.00252688497743,0.000766678969904,0.000593992719576,0.000866174584251,6.19613461908e-05,0.000884788948701,0.00160891280273,0.00113042523999,0.000470706669824,0.00203311018005,0.00145929933031,0.000943486998008,0.00122950170442,0.00103177737617,0.000626671065329,0.000144325462143,0.000457392562484,2.66393231925e-05,0.000776748430415,0.000547846271529,0.000491232118497,8.7873813812e-05,0.00032480302932,0.000807608594454,0.000537483958521,0.000592757658797,0.000110299241695,0.000394340793598,0.000625290546173,0.000548980558054,0.000195645582969,0.000126503830222,0.00243019545201,0.000238560917583,0.000288769521769,0.000179292374315,0.000328501546949,0.00168745085007,1.67781965855e-05,0.000947847191089,0.000256971196018,0.000121638834066,0.000302267799206,lamp
0.0333338583982,0.0129573409293,0.0145342741719,0.0167818520283,0.0565011581187,0.232113628484,0.517370046223,0.0321110522711,0.0145555792722,0.00456356450855,0.00352422490765,0.000584752881069,0.00169909471542,0.000523821040097,0.00059127925035,0.00237519204943,0.000857616712536,0.00458421057043,0.00182297695753,0.0025590021022,0.00215396097355,0.000537425639815,0.0016917779258,0.000262802138471,0.000119931229254,0.00222027750985,6.88847498162e-05,0.000994997813811,0.000187075836729,0.000701637190277,0.000976371541258,2.97082744976e-05,0.000418386664296,0.000627356555089,9.36866447021e-05,0.000223721492834,6.82866365543e-05,5.32322964714e-05,0.000163492731787,0.000531630106243,0.000932430044676,0.000110034325396,0.000202701074041,0.000158108131576,0.000365505252959,0.000508510865424,0.000244965389006,0.000315906784775,0.00101522328982,0.000519191226011,0.00119235386816,0.00137704269331,3.89890990157e-06,0.000297737956366,0.000446832380386,0.000576776769853,0.000105069099704,0.000650203427014,0.000863328264932,6.5062607435e-05,0.000797131971841,6.36526388799e-05,0.00132895876816,0.000588606798126,0.000526232387975,1.93299233193e-05,7.44344209602e-05,0.000319897358899,0.000823243350455,0.000150709961257,0.000598414230361,0.00164711197879,0.0007243579517,0.000605378240122,0.000888261570685,0.00112872330309,0.000411713666695,0.000901787910455,5.87956136653e-07,0.000566071048096,0.000679747442778,1.77657964945e-06,0.000486696279923,0.000363217380229,0.000445685938094,7.16670305103e-05,0.00121330920484,0.000846850839101,0.000248618202594,2.39243630208e-05,0.000529913181983,0.0017386579764,0.000200969897373,0.000417625074229,0.000435022368247,0.00117796917136,0.000697725041053,0.000998050913415,0.000211802527542,0.00102474351312,1.36973448382e-06,lamp
1.22155391159e-05,0.0110377962406,0.0172062589491,0.0329329036841,0.04310969085,0.239211891752,0.531012273763,0.041356953429,0.00783813940435,0.00822305184435,0.00522869766891,0.0072311514068,0.000207431218436,7.77885631007e-05,0.000242631567435,0.000695606812734,0.0040997423468,0.00327874439297,0.000824353515116,0.000306427851715,0.0015993157162,0.000269831080812,0.000158296026857,0.000601544840401,0.000179331577507,0.000285008852875,0.000640187428762,0.000258134434218,6.33576121635e-05,0.000720209479852,0.000399941296533,0.00229605620965,0.00131223258342,0.000682580908571,0.000400423889991,0.00072032801666,4.97322419045e-06,5.20764662119e-05,0.00225486575596,0.0026813321136,0.00108677785003,4.67194128385e-05,0.000176789345285,0.000722313809036,0.000205771060117,7.67480577798e-05,0.000228510264748,0.000384749361554,0.000213507643516,0.000757658052752,0.000228702037891,0.000284848081854,3.54402669141e-05,0.00158645219623,0.000116303066524,0.000244286875881,9.30646105966e-05,0.000139744337367,0.000248980962086,2.77377534665e-05,0.000282895269234,0.000718839114972,0.000192237806697,0.000330264581646,0.000255084556845,0.000846538595325,1.86976645454e-05,2.47268242286e-07,6.99914466896e-05,0.00330018073777,7.30932146782e-05,0.000242554220689,0.00124729611539,0.000550830751982,0.000391377237796,0.000815746949675,0.000338672251756,0.000437826070879,1.86005831132e-05,0.000559231270939,0.000371282471654,4.24586117912e-05,0.00131194525177,0.000518226150798,0.000616796603634,0.000611702018551,2.2955322903e-05,0.00103010042109,0.000610888756007,7.40915633989e-05,0.000425039327539,0.000690317736886,0.000564032823909,0.000901950481147,0.000172521104688,0.000667196173033,0.000908056828796,0.000333783345657,0.00173648111772,0.000641325410846,0.000439759408171,lamp
0.0153877231004,0.00245183460669,0.000868051210688,0.00864667653508,0.0247631728128,0.232101426765,0.549806048986,0.0474327279721,0.0191000086752,0.0111981890635,0.00230884657844,0.00423293026129,0.0064408055237,0.00138688144289,0.0077125395488,0.00303662370165,0.00205032444719,0.000880019166953,0.00395469733501,0.000313281647927,0.00094250389712,0.000835770381297,0.000992463336637,0.00224621538768,0.000533511150143,2.2603278261e-05,0.00017422022296,0.000664165724501,0.000749399633265,0.00012263459136,0.000230305731104,0.000577480600175,0.00013977450897,0.000327521151539,0.000130458644971,0.00297542411327,0.00102118969138,7.16068584502e-05,0.000975036400756,0.000529519141315,0.000849919952522,0.0067109078363,0.00147858389822,0.000572963799968,0.00302763799972,0.000100051622838,0.000148900438334,0.000374173294501,0.000806995749986,0.000674391478608,0.00029101914906,0.000777710680468,0.000225026816219,1.78640738818e-05,0.000262461329409,0.00163225898899,0.000158789449182,0.00201435604722,0.000264457994226,1.63404856533e-06,0.00132299458444,0.00107211216532,0.000551830796214,0.000273666418467,0.000200654411321,0.000251832143924,0.000126158908721,0.000196589312274,0.000275675560176,0.000492778964856,0.000508779622076,0.000737647722109,0.000404769594049,6.40213186817e-05,0.000429242894989,0.000852508421736,0.000380439650821,0.00111436806073,0.00059237151121,8.91890314928e-05,0.00123959753773,0.000467256257516,0.000199575924808,0.000368068962465,0.000103340908533,0.000164057765502,0.000850093671297,0.000255426901003,0.000493933481597,0.000539457034661,0.00054016298856,0.000780231621721,0.000241508077572,0.000739831680457,0.000942517147246,0.000368021862258,0.00166100794245,5.01920116802e-05,0.000150094747976,0.00111616831436,6.71055920185e-05,lamp
