0.0159839480095,0.000363269163563,0.00076847411283,0.00250340742349,0.0232412378573,0.116052416637,0.694777744624,0.0393248283377,0.0219604809803,0.0129131909898,0.00581225619698,0.00508209466741,0.00384351129108,0.0049389979903,0.00222545203605,0.00348826143938,0.0017320962735,0.00353911606228,0.000441304869549,0.0022215682691,0.00312918724907,0.00133250760823,0.00117387228362,0.00134270716725,0.000574418165142,5.53948589165e-05,0.000438097413403,0.000335891128862,0.00109105603541,0.000732510909541,0.0017260554562,0.000708832209719,0.000639532046294,0.000201539548701,0.000780685042309,0.000751968078261,1.18176688931e-05,8.50990572807e-05,0.000322633159816,0.00151013075131,0.000771978650094,0.000881192769667,0.000220000597619,0.000642612957684,0.000185511562084,5.83124726355e-05,5.88778796696e-05,7.75569869345e-05,7.88107411645e-05,0.000330929078485,3.86261675653e-05,0.00176130775685,7.24166447002e-05,0.000799943842134,0.000190657841605,0.000629278065078,0.000357256778706,0.000352716731813,0.000157463071406,0.000292145668362,0.000449850206082,0.000198679616092,0.000300143088921,0.000517947235288,9.14628441441e-06,0.000950418417775,0.000301848194976,0.000316007853404,0.00173280962608,0.000948931287967,0.000408812931721,0.000120239332289,0.000424478458436,0.000283987944361,0.000322761278266,9.636062143e-07,0.000457679826284,7.99941446426e-05,0.000366830438813,0.00019595595621,1.80020794344e-05,0.000944930644857,0.000484761681509,0.000332043039611,1.24687768611e-05,0.000321060931504,4.81185839404e-05,0.000184535726935,0.000429613849366,1.1464965627e-05,2.33369813052e-05,0.000601795490672,4.69225553325e-05,2.84385168247e-05,0.000163649899329,4.91539066482e-06,0.000753444407547,9.79418311874e-05,0.000402719917368,0.000471556084996,0.000115603583354,lamp
0.0239363537554,0.00550690873459,0.0103991596677,0.0128755630584,0.0289180680843,0.0980442882613,0.743339439688,0.0280820752431,0.00731774451199,0.00364663412052,0.00128333324782,0.000996346356154,0.00147339394252,0.000848340482354,0.00138316031388,0.000673179581084,0.00364921078736,0.00437781762411,0.000460332761278,0.000212626005635,0.000240592838719,0.000186334214568,2.56422992135e-05,0.000345690433484,0.000519108854873,0.000304630677628,2.2993947e-05,0.000154429699424,0.000867996562947,0.000276308155409,0.000742937624029,0.000116241236096,0.000543304569894,0.00010889890159,0.00102852885879,0.00044862101927,0.000177187211845,7.76974541091e-05,0.000802879199886,0.000218193137783,0.000307599552709,0.00078109133058,0.000101179679186,0.00023726944279,4.93985688439e-05,6.64693922437e-05,1.79201508005e-05,0.000150907441614,6.54150399133e-05,0.000259981153936,2.54096631596e-05,0.000676721407385,0.000591357100729,0.000126364988781,5.52876564302e-05,0.000341155076747,0.000387313588713,0.000415206602214,0.000200943500499,0.00013374761707,2.22731514377e-06,4.89070957719e-05,0.00013993346228,0.000370447703837,0.00027880396772,0.000439985988949,1.99810562724e-05,0.000162491904046,4.07737135126e-06,0.000500504423889,0.000118267370048,0.00041075921586,0.000295323500442,5.43056872177e-05,0.000309639057883,0.000235738135363,0.00100289409466,0.000415806989583,0.000105601460351,3.31285496554e-05,4.68370399161e-06,0.000143746875648,0.000123582826313,0.000335947190574,0.000447730966071,0.000166830762405,2.4615392061e-05,8.04084132645e-06,0.000182343909529,0.000326853025848,0.000392819601189,0.00015333591907,0.000280038698126,9.83194315227e-05,1.78468266842e-05,0.00028777452066,2.78314404904e-05,0.000341153753669,0.000144852958411,0.00128465334869,0.00063524157899,lamp
0.0050195818692,0.00209893561048,0.00182025905532,0.00186455334694,0.0139228190246,0.101947680154,0.755930670711,0.039006748666,0.0170515290189,0.0059045434031,0.00584540952793,0.00433018396282,0.0002342038505,0.000925283990434,0.0028414975268,0.000790452110583,0.000206582419634,0.00150961883296,0.000868803097156,0.00103297949753,0.000218564330812,0.000924359107615,0.000934796611764,0.000707158128242,0.000153167533465,0.00219253115009,0.000403712308334,0.000644202179711,0.00211468231605,0.000547517059491,0.000385979095613,1.23552146869e-05,0.000502806919277,0.000134913299242,0.000822002783354,0.000410100529186,0.00102231133663,2.34139853526e-05,0.000795412133148,0.00137338132663,0.000520606727692,0.000944100820024,0.00166224349148,0.00105106517023,0.000912336712264,0.000300333740046,0.000433763259347,0.000124291802447,5.01829122663e-05,2.29132851208e-05,0.000745787401165,0.000347026909552,0.000343457134972,0.000183915765668,0.000168273737166,0.00029638497854,0.000340411734219,0.000606658620944,0.000621953819586,0.000242201449288,0.000541596160877,0.000629156719379,4.30686883672e-06,0.000310046194421,0.000125423866646,0.000128549646679,0.000188262803457,9.89268122378e-05,0.000282613511604,0.000463764554505,5.26232999742e-05,0.000635281235765,0.000129741336353,0.00120821933761,0.000603025566552,0.000303400018649,0.000212124014174,0.00014891056309,4.28402037566e-05,0.000158095370883,0.000392377848955,0.000204073616983,5.20717840198e-05,0.000370468220889,0.000252420928135,4.02520641397e-05,0.000272619339259,6.27750107798e-05,0.00018703558032,0.000429858325568,0.000832134527719,0.000474922814562,0.000556962438669,0.000242099130788,0.000147293718899,0.000169715126904,0.00033412967038,4.46707699355e-05,0.000606129825593,0.000642682428038,2.47862479443e-05,lamp
0.00161731774073,0.00422717263102,0.0061133516264,0.0145838235714,0.0262127077988,0.154698238602,0.693810723982,0.0422840997182,0.0112370510481,0.004834497092,0.00341231962111,0.00503001673919,0.000654353532663,5.51798216592e-05,0.000284687923196,0.00152319532182,0.00102958548106,0.00655236596075,0.000597707559335,0.000234328565875,0.000659288161599,0.00182827770645,0.000495874493231,0.000351343104974,0.000554505258266,3.06076498242e-05,0.000673708151273,0.000346552017752,0.000194209013768,0.000306787335817,0.000770878153152,0.000110032789345,3.70287441817e-05,6.09626156113e-05,0.000397727836849,0.000181807762428,4.91701672072e-05,0.000148230746489,0.000269140360459,0.000216972323052,1.85914456155e-05,3.56683794392e-05,1.87642509533e-06,0.000571093148326,0.000897494328037,0.000138115251607,0.000215640010804,0.000189196118461,0.000248152984893,4.57086119208e-05,0.000622045284897,0.000577831019257,0.000151442456646,2.49647551462e-05,0.000218553471993,0.000120807702665,0.000219464117133,0.000245250746189,0.000298808338113,0.000238460069093,6.84749157067e-05,0.000190717080748,0.000317735576672,0.000141601853489,0.000140868778393,3.99932375399e-05,6.95230107455e-05,0.000143680521123,3.5301163875e-05,1.30732821569e-05,0.00019241507137,0.000177751776338,0.00065603837959,4.76955186311e-05,0.000222689612347,0.000236154078122,3.87167008749e-05,0.000148981229895,2.08838092747e-05,0.000306855196041,0.000112546466609,5.23309564134e-05,0.0012131759566,1.27760041131e-05,0.000299663039666,0.000108142642779,0.000155463789878,0.000129905568678,9.67079020321e-05,0.000513623125877,7.739402558e-05,5.44910996707e-05,3.46705675386e-05,0.00013569259397,0.000528938494829,0.000183761338957,0.000627442579728,0.000304621174365,0.000213877806124,0.000178238197554,2.39248186499e-06,lamp
0.0214251962466,0.00464046932552,0.00702444101284,0.00792887804113,0.0324963062378,0.107383503153,0.725876986192,0.0311404991453,0.0107781644067,0.00773509385941,0.00465222358195,0.00124621229746,0.00531877832889,0.00237635792739,0.000612086451971,0.00103322621462,7.60751249358e-05,0.00387923312496,0.00307751686297,0.000960032163839,0.000321369686098,0.000134193079456,0.000170260760783,0.000389347502236,0.000213215381282,0.000804214066865,0.000294436067941,0.00014411557781,3.4129016377e-05,0.000283420778864,9.12432670315e-05,0.000298424166988,0.000180849964173,0.000227216934615,0.000643168147762,0.00206982909354,4.77368465397e-05,0.000114722931164,1.50079673295e-05,0.000253351165771,9.44281752883e-06,0.000119571962879,0.00010564151018,0.00034255068251,0.000164620162088,0.000339658936379,0.000158478952782,4.22266194806e-05,4.1224372559e-05,0.000345521135268,8.39573811723e-05,3.81594181494e-05,0.00089489487908,0.000134907119795,0.000188406299526,0.000696424767322,0.000431975582677,0.000258947349899,1.3194697993e-05,0.000478977138501,0.00024647924396,9.10814015658e-05,0.000296661414834,7.53275394112e-05,0.000177290056567,0.000321541635708,0.000832899042847,0.000418597775339,0.000191561863049,0.000163627773689,0.00015815744926,0.000200018440235,0.00011076955845,0.000506119250902,0.000108390537512,0.000150535935635,3.46032062581e-05,0.000213857995247,4.90649295262e-05,0.00123523665902,0.00017650611153,1.04233689409e-05,5.8681611336e-05,0.000135170849731,4.97506004765e-05,1.99524535625e-05,2.28069280164e-05,0.000149029361811,0.00016796725022,7.62666759258e-05,0.000142789762588,0.000503898209313,0.000299573129604,0.000754387128147,5.02876747596e-05,3.55949917526e-05,0.000209212977753,9.46899022244e-05,0.000137338446403,1.3833636715e-05,2.97033334111e-05,lamp
0.0154460590112,0.000556382679253,0.00196496297815,0.00423869576083,0.0158740915312,0.086049501301,0.742271739633,0.0398311658092,0.0177578501646,0.00859635063893,0.00836531270557,0.00220735547958,0.00492526532823,0.00396070867633,0.00166950848705,0.00167197928565,0.0020676065924,0.00394919971341,0.00108984425929,0.00103984623262,0.000327144294134,0.00136092875251,0.000870205413299,0.000364730034637,0.000157716339807,0.00087816294718,0.00076538850593,0.000164160907402,0.00028304077634,0.00271350641944,0.00207936007388,0.000980522656609,5.24211750431e-05,0.000246466951095,0.000400801064149,0.000196151321533,0.000127577924226,0.000308401035315,0.000194079131633,8.76863026727e-05,0.000509837935801,0.000116778936253,0.00147675838876,0.000927584336556,0.000385723249317,0.000472500792512,3.43423391117e-05,0.00128135611169,0.00255924000765,3.30809245927e-05,0.000161820227351,0.000794853267139,0.000218439004478,0.00120828778398,9.60873779189e-05,6.0471824042e-05,0.000779179851,0.000438238757541,0.000314946583532,0.000251583169751,0.000109311360239,0.000292481442911,3.55262808398e-05,0.000193735180812,0.0005434219525,0.00048582740633,0.000309415133149,0.0001129806554,0.000554691956219,0.000306875164977,1.40350575088e-05,0.000112965180016,0.000422730145921,0.000295488221028,0.000418528198735,0.000133620615231,6.35397867689e-06,0.000503633051639,2.31549027151e-05,0.000365465065648,0.000101318421476,0.000300996042118,1.0121798539e-05,0.000123990542922,0.000255060653787,0.000695201326718,0.000110900713825,1.9389129018e-05,0.000162731214564,0.00054018480658,0.000673576275533,0.000512889303653,0.00117938868314,2.75806779603e-05,0.000135875452403,0.00033567550308,0.000106213435072,0.000395760116742,0.000640518632359,5.81691351251e-05,0.000161228021578,lamp
2.64136912321e-05,0.00874018012623,0.00880227893425,0.0163935229509,0.0421231925808,0.153676755476,0.696738985978,0.0301530120129,0.00741586916008,0.00114557634499,0.00294260063146,0.00164845933104,6.11400197114e-05,0.000235017673767,7.24733671639e-05,0.0013464945476,0.000902049437545,0.00682714747394,0.00101665035074,2.66919336102e-05,9.57985164627e-05,0.000507448554406,9.54429457341e-05,0.000350227189289,7.21491520132e-05,0.000120336412721,0.000115180150069,8.76325709579e-05,9.34684276524e-05,2.6884030232e-05,0.000616927099889,8.70661449181e-05,0.000240970817837,0.000106795067624,3.17220802439e-05,0.000532638246121,0.00124293450482,0.00134340595092,0.000414471200876,3.79274186935e-05,9.08181543068e-05,0.000408401718419,0.00010366154727,0.000417224589399,4.33214315562e-05,0.000188146525998,0.0005604539462,0.000191775412858,0.000274791065922,0.000737392927324,0.000625332417867,0.000359296401592,1.57896837395e-06,0.000535512872647,0.000135044572828,1.54161678769e-07,0.000271705208796,0.000235623032869,0.000172422519901,6.30174337477e-05,0.000550477301553,6.6454233657e-05,0.000156095557901,2.92700705481e-05,0.000146255813139,0.000253918582765,3.65527543158e-05,0.000725653099267,0.000145881345692,8.2261947083e-05,0.000335622903182,6.19641756435e-05,0.000142974797211,2.24884904022e-05,3.61614348789e-06,7.87821827207e-05,0.000170107593894,0.00100690886672,0.000132169641,0.000222280164792,0.000476998060167,2.35404010983e-05,3.28521903648e-05,0.000166782252093,1.20009822792e-05,0.00016623820717,1.62744127844e-05,0.000131835489828,0.000161085027904,0.000102552647402,0.000122231137239,5.3870013051e-05,0.000105488270672,4.33636733076e-05,0.000307050938032,0.000163444722486,3.03391626641e-05,0.00125376549006,0.000204818617928,0.000122211874363,3.90735077398e-06,lamp
0.00706616371865,0.000677637174514,0.000666505486478,0.00249018727722,0.0107646305773,0.0907727838856,0.765415455477,0.0469524286404,0.0134583946621,0.0127995606329,0.00386573783462,0.000725610735369,0.00540851051647,0.00268202123448,0.0016205060749,0.000865898559779,3.65341361297e-05,7.4806251766e-05,0.00294038451974,0.00161006488679,0.00172687843198,0.000669204810111,0.00151187732299,0.000398254025808,0.00170726392769,0.00166739114983,0.000214704017791,0.000341633981806,0.000621351109616,0.000402561172297,0.000150087050375,0.000954016129298,0.000750324751311,1.79426497982e-05,0.000106812804265,0.00111207818736,0.000226752117123,0.000344816710086,0.00113360160039,3.87481028061e-05,0.000703082597599,2.55984558141e-05,0.000208681597459,0.000134483629928,0.000169270230829,9.47090293065e-07,1.38054698751e-05,0.000507204703056,4.24904388968e-05,0.000149264006692,6.37873939639e-05,0.000312182425436,0.00163254898219,5.60761234921e-05,0.000224092241151,0.000152655723134,6.98671521312e-05,0.000324176164971,9.35102458181e-05,4.65693604692e-05,0.00023001273514,0.000112945206828,0.000545132590263,5.86705365495e-05,7.60357471025e-05,0.00026144732934,0.000417888722186,0.000359921150377,0.00037764717539,0.00010894198992,0.000176788292876,0.000342209726802,0.000943431653236,0.000333311148487,8.61351886311e-07,0.000175883083619,0.000102200453732,7.74929236255e-05,0.000640887973664,0.000353755669257,0.000128805516242,0.000276849952644,2.34673818052e-05,0.000343588410411,6.68918595839e-05,0.00011322482582,4.81187895507e-05,0.00042854518735,0.000872931737132,9.42675178202e-05,0.000263850529966,1.67961036782e-05,0.000259127422306,0.000445253707097,3.51754794605e-06,8.84014226217e-05,5.08844026241e-06,0.000128640387655,6.49744790923e-05,0.000540793237584,0.000170983714674,lamp
0.00616691165647,0.00570714607188,0.00671272177111,0.0113830254204,0.0196013651006,0.122898651492,0.751614590954,0.0309332371985,0.00755868177287,0.00295852954658,0.002084539923,0.0015112153028,0.00292926020532,0.000229029115527,0.000358393080529,0.000805644011825,0.000281466811323,0.00502023319748,0.000759045454374,2.17398238706e-05,0.000296872080047,0.000882698522551,9.4001821938e-05,0.000402120063524,0.00024059745828,0.000218744491174,4.77885816377e-05,0.000563488370962,0.000452418968555,0.000199253109521,7.11777698757e-05,9.62730560668e-05,0.000264767965013,1.70419430544e-05,0.000693024312705,0.000614753410868,2.91773017999e-05,7.51027776693e-05,0.000443693956867,0.000159351319003,0.000399666675073,2.61059437575e-05,0.000262389149181,0.000775331441694,0.000440014952216,0.00035758050492,7.79301519565e-05,8.83169124153e-05,0.00028834128054,7.60636853698e-06,0.000399298612792,0.000225344402494,0.000421526754854,0.00077487385701,0.000525205906346,0.000147211124619,0.000467412043393,5.15147088437e-05,0.000235950045903,0.000431752345561,7.41642917942e-05,0.000100445356438,0.000130290144946,7.05837350867e-05,0.000161111878581,0.000123720978451,0.000107734390769,0.000343974715722,0.000149533665364,0.000545560250527,0.000315654013107,0.000111751257944,0.00021782947568,7.65248609179e-05,0.000264274206053,0.000148211236252,9.41980055007e-05,0.000197575746465,0.000287081845761,0.000372142254049,0.000147895351478,0.000379567518507,0.000193288119853,0.000308646306505,5.29150056783e-05,0.00022293692687,5.64943617545e-05,0.000132199344716,0.000342911132408,0.000739453775881,1.29850680843e-05,7.1219865062e-05,0.000274917112824,0.000113873964953,9.48642404601e-05,7.3496360434e-06,0.000163123876184,0.000137702706093,0.000215446863416,9.46122174503e-05,0.000544085922049,lamp
0.000371131732289,0.000361764610464,0.00333597380436,0.00124352393096,0.00541666902175,0.0276771658388,0.876921107519,0.026197904488,0.00872595543842,0.00347715866613,0.0031781959286,0.000556447483183,0.00266003356208,0.00318231607114,0.000158340249808,0.00138748446718,0.000135891063182,0.000222971309474,0.00451810165181,0.00106120292824,0.000539388451347,0.00121601202698,0.000950836656803,0.000354925641292,0.000345905388407,0.00053279526691,0.000501055057164,0.00118955082686,3.47718997561e-05,0.000352896684339,6.39817944038e-05,0.000519326125875,0.000947368723875,0.00101743850952,0.000320473423279,0.000582007480302,0.000929401670187,0.000188174865844,1.44819685324e-05,7.28041568093e-05,0.00047333157369,7.90995943851e-05,0.000310108011382,0.000752563728427,0.000225228608647,2.74615415773e-05,0.000562103379117,0.000422462435294,0.000135641949353,0.000557397148856,0.000405137971815,0.00258532672672,0.000182567901479,4.97195032952e-05,9.46506265742e-05,7.50176644422e-05,8.29553388261e-05,9.94036414199e-05,0.000172978797799,0.000220864091406,0.00086290520768,3.42208111985e-05,0.000220621787217,0.000890446071754,0.000236639363718,3.17781839821e-05,0.000131543475762,3.18487616796e-05,0.000121648815491,0.000385301423183,0.000174841778933,0.000843174301844,4.44348248682e-05,0.000712971236185,0.000250353747871,0.000241619551402,0.000168079975145,0.000360652073887,0.000293001199873,0.000407006980053,0.000109720860376,0.000130206106795,0.000387715895527,0.000428241985892,4.89483911162e-05,6.89995013113e-05,4.65819668168e-05,0.000455187975151,6.80750084643e-05,0.000264249807248,1.51375092003e-05,5.06906948605e-05,0.000293181566767,5.19218951173e-05,0.000191639288977,0.000359991927407,0.000207820301469,0.000574970924606,0.000182914055396,0.000241711652213,0.000402046495495,lamp
0.00050625291577,0.00694200399526,0.00907922686751,0.0114469943578,0.0286286998657,0.10887380758,0.76888576367,0.018537703708,0.00971464514886,0.00350214954347,0.00411005873461,0.00101685254219,0.000531014501822,0.000324619452773,9.27668676571e-06,0.000436230221629,0.00127142741523,0.00471043706208,0.000198586278106,0.0025106843571,5.05159990487e-05,3.7145548222e-05,1.88569729682e-05,2.03464654694e-05,0.000321275517527,1.32588095617e-05,3.04565746179e-05,0.000338304532726,0.000175005256676,0.00088709467536,0.000283450502654,0.000370036330763,0.000349799587096,4.0765574835e-05,0.000397856409638,0.000209603422204,2.08057888337e-05,5.33178236533e-06,0.000125230732769,0.000108032939295,0.000174441215332,6.42317423743e-05,6.73511239972e-05,0.000276803578925,0.000138845433454,9.50408295389e-05,5.32472456733e-05,0.000466601422475,0.000272142169882,0.000322193321737,0.000267874610604,0.000223947192475,5.60745345501e-05,0.00110098878193,0.000299545289383,0.000537726584681,0.000257477436126,0.000588903911192,0.000150569103583,0.000325812928977,5.28715613359e-05,0.000733383525412,2.05317735207e-05,0.000425364677916,9.08828431773e-05,0.000834594318251,0.000630847074712,0.000340673032492,0.000289810673502,1.32578804886e-05,0.000145440886576,0.000392504732346,0.000121372485623,0.000366542303533,0.000110696298489,0.000117969651363,0.00011212695288,0.000207222178005,2.15632922702e-07,7.49232629016e-06,0.000585991597803,4.46865817428e-05,0.000215117943649,0.000123654673499,0.000260457680142,0.000269124619178,0.000519826063201,0.000342810477061,5.73386517557e-05,0.000382788066862,0.00015638012944,0.000472095622061,7.27919028241e-05,9.62202232774e-05,5.09791835776e-06,2.13935305534e-05,0.000119448764441,0.000280153730658,1.57723841901e-06,0.0001743993031,5.41768875378e-06,lamp
0.0124739656027,0.000845536287299,0.00249456749304,0.00560091763014,0.019614035712,0.136879588259,0.696067573528,0.0532331550578,0.011445151465,0.0085720320811,0.00828806134429,0.00110252679618,0.00259591921348,0.00190116837624,0.00106716954647,0.00188069065204,0.00186478241776,0.0024806818547,0.00201145952149,0.000628819979829,0.000427119132209,0.000520690662587,0.00114961857688,4.61952911627e-05,0.00110682949226,0.000133006887725,0.000578030944677,0.000684043656251,0.00134316291758,0.000331985831552,2.73673881355e-05,0.000375767976928,4.93007555518e-05,0.000245442525496,6.08070762439e-05,0.000308797461926,0.000551831155771,0.000603069459242,0.000622586406627,0.000487166912113,0.000264564938026,6.01732977802e-05,0.000203922994299,0.000613517201718,9.26384341334e-05,8.32132990796e-05,0.000316992210189,0.000147053072206,9.56396241462e-05,0.000132692560557,0.0010753418623,0.000320852829571,0.0006167153957,0.000627719969986,0.000785938941379,0.000568761869571,0.000815037954393,0.00023738098656,5.37809274255e-05,0.000468272349188,0.000142886216319,0.000222630969909,1.02426674444e-05,0.0004717710507,0.000234102299375,0.000586437535323,0.000653094307677,0.000370924638842,6.50566325749e-06,1.59776755866e-05,0.000104781548363,0.000111044258273,0.00113405062981,1.14425649712e-05,0.000527745549319,0.000187964117796,2.9411539458e-05,3.45680669367e-05,6.01341677906e-05,0.000262798143887,0.00079223654734,0.000795357642044,0.00055935742261,0.000611112897987,8.57774443617e-05,0.000159752030205,0.000429272346171,0.000121447270998,0.00012831404658,0.00115193827054,0.000102430189269,0.00010434926713,0.000173605816542,0.000352570593495,7.51328190227e-05,0.000237311015125,0.000228435001147,0.000110362279752,8.33515427486e-05,0.000122252653975,0.000116285244144,lamp
0.00996826256363,0.00574414265666,0.0111054075418,0.00817622709402,0.0200863710211,0.149029295683,0.693995298271,0.0409044230017,0.0117067821536,0.00490320791836,0.00257599235682,0.00273522213688,0.00358631972306,0.00125312832004,0.000791332585591,0.00138308199542,0.000154752794824,0.00465593911131,0.00230505039448,0.000573484349771,1.21170587655e-05,0.00126663334191,0.000936202974363,0.000452369603228,0.00131775514974,0.00010245931826,0.000142618637087,0.000194601008716,0.00100365734874,0.000263357230429,7.86050426551e-05,4.15114673644e-05,0.00014261469627,0.000381434110871,0.000649301021806,0.00138920015356,0.000141711387896,7.58180590698e-05,0.000362070755328,7.96560686298e-05,0.000590281658419,0.00029964455346,0.000627875600231,0.000131833060007,0.000920737368512,3.13202816187e-05,1.91150569263e-05,3.02137583528e-05,1.34379074267e-05,9.74139767587e-05,0.000433599575244,0.000202788008118,6.07151882553e-05,0.000298576089799,0.000216349965318,0.000516805543259,0.000387472815479,0.000190762748394,0.000185891746622,2.11706566941e-05,4.41769341222e-05,0.00101018752066,0.000403656446859,0.000405823472516,0.000239624636703,0.000463949182667,0.000370439806832,0.000259259339746,0.000231527532313,0.000197325648722,9.23305826679e-05,0.000759669656684,0.000291310326324,2.96551730296e-05,0.000218234760893,0.000286014509335,0.000136161714742,9.50839810431e-05,0.000446773962092,9.83079573109e-05,1.08415953923e-05,0.000250836028567,0.000148088963938,0.0004711458973,0.000231286176251,0.000347538978861,0.000249673155352,0.000327993344941,0.00023008477955,0.000133350151784,0.000143534623174,0.000172308134951,0.000629420625682,6.84629783961e-06,9.36678918383e-05,8.46398222901e-05,0.000179014281623,0.000101295790468,0.000157437805215,6.70254246567e-06,1.35830009648e-06,lamp
0.000756927250747,0.0044218659667,0.00553747363118,0.00915148733166,0.0244493177798,0.0829951347992,0.789119418693,0.0229186077079,0.0168299202474,0.00379151488641,0.00314677209555,0.0028152719778,0.000366522870959,0.000291186807083,0.000583250850081,0.00115884291876,0.00206312561336,0.00133324394107,0.000765180984855,0.000830537862367,0.00145749023467,0.000197078135374,3.21565827557e-05,0.00116266616976,0.000257905705302,0.000734349932632,0.000328492821173,0.000279141906556,7.05725598382e-05,0.000674242676044,0.00042810168946,0.000239983451099,0.000131814438665,0.000100063641006,0.000268623530529,0.000158472793008,0.000305572696312,0.00023187629416,0.000139850928345,0.000229845185157,7.13100551109e-05,0.000239231604453,0.00156997626733,0.000112409839235,0.000505519487524,0.000469546317262,0.000522558414045,0.000554974809494,6.20511020635e-05,2.82920280596e-05,0.000252409186373,1.59522791842e-05,0.000143804329054,0.000172732314664,0.000420952272529,0.000461609978658,6.35582007021e-05,3.59876760928e-05,0.000172784328135,5.25760691607e-05,0.000686261076362,0.000423977362927,0.000920950637102,0.000675235141186,0.000683787356871,0.000156918059459,9.63765455788e-05,0.000207594598149,0.000136809118471,2.72748755832e-05,0.000689613363054,0.000129321215742,0.000348431285978,0.000749310131563,9.29464657156e-05,0.000123631085176,0.000888416669429,0.000323210465776,6.52583078948e-05,0.000504545652705,0.00032614807477,0.000311352952422,0.000139422493185,0.00022517838244,2.72142080266e-05,2.83753526308e-05,0.00041150031087,0.000441447005509,2.6340371145e-05,0.000637537363596,0.000201698955141,0.000689617621055,0.000105474433886,5.604588083e-05,0.000178025818386,0.000122348080334,0.000715316672915,0.000215150802509,0.000323013659101,0.000206629845141,1.50154185826e-07,lamp
0.000370731875141,0.00784594034724,0.0065642867138,0.00782883872389,0.0246854378901,0.0898778566741,0.754336440658,0.0338487864756,0.0187902667246,0.00574409584633,0.00615013034904,0.00180830534531,0.00115617728527,0.0026115027097,0.00104970789053,0.00132724244441,0.00215740031984,0.0081906576016,0.00021861499035,0.000651611074244,0.000747107071664,0.00067592106528,0.000172628158032,0.000102181946539,0.000587966319482,0.000360431638271,0.000478824892587,0.000719515873224,0.000102695678279,0.000493524811062,0.000432582166826,0.000812268577764,3.39171835436e-05,9.58997028101e-05,5.00483097664e-06,0.000248706314755,0.000880057334436,0.000907852432308,0.000771923236813,0.000142529104044,6.38995980136e-06,7.91087052469e-05,0.000156625824602,0.000127245170134,9.75892383656e-05,0.000129641938599,0.000318234206201,4.88204535207e-05,0.000474975749983,5.54705186219e-05,0.000327726977625,4.96821557153e-05,0.000416529446101,0.000450543294139,0.000272590004513,0.000271908403841,0.000706878388667,0.000678260644429,0.00010210642865,0.000197840311388,0.000422477848031,0.000558781600005,0.000298710119239,0.000242900715071,0.00034928929053,0.000310384803774,0.000422296517488,3.33560677453e-05,3.85877715525e-05,0.000547772811704,8.8262198482e-05,7.96967347992e-06,8.33112756155e-05,0.000111719501452,0.00024063549336,0.000267736450968,5.91865515263e-05,0.000606996749693,8.98419153254e-05,0.000165513234401,4.73199645287e-06,0.000101762134812,0.000345930731445,1.16805311037e-05,0.000200957258053,0.000159868017308,4.6608563386e-05,0.000145255372409,0.000720630371669,0.000190585538364,3.63063707045e-05,0.000211411544103,0.00153493133742,1.21836847299e-06,0.00023238484463,0.000657504714631,0.000348643647792,0.000277943616456,0.000121555723837,0.000285574565118,0.000465046064177,lamp
0.0139218393432,0.00719804948307,0.0075007666912,0.00679884385901,0.0272033206755,0.124975261756,0.728021296227,0.0340099861775,0.0112253319493,0.00377915233703,0.00383442028477,0.00123324592972,0.00156347504369,0.00124741183301,0.00103221611189,0.000230679936763,0.000771678408415,0.00445486990444,9.71442628665e-05,6.97435124084e-05,0.000166985287715,0.000247293919435,4.24063640804e-05,2.47723684394e-05,8.03643057691e-05,9.22739067116e-05,8.32251373055e-05,0.00129913523768,0.000207232681877,0.000466389297938,0.000237549899595,0.00028989610798,2.42160130721e-05,5.32578699549e-05,0.000160935536993,0.00019589994834,0.000111169587031,0.000114808095133,2.96845359675e-05,0.000713290427125,0.000587151953665,0.000171640267121,0.000141298366684,0.000234108010904,3.7871414409e-05,2.96265001751e-05,0.000200935365262,0.000612027715447,0.00071396156337,8.22807875287e-05,0.000382161277308,0.000313761968357,5.9176128753e-05,3.98629007739e-05,0.000649057966382,0.000189718125054,0.000127560439948,4.56163555715e-05,0.000524992443939,9.06284614794e-05,0.000307180478712,0.000312127760327,0.000538253283614,0.000176348407772,0.000179897045076,2.0785408996e-05,0.000677680256616,9.19709803131e-05,0.000270350172861,0.000418281569883,4.14412245401e-05,8.40523817748e-05,0.00123730968266,0.000255334992594,0.000458773777036,3.86611665515e-05,9.64494083509e-05,1.27190920099e-06,0.000246585415803,0.000861718811955,0.000126138000013,0.00060902428336,3.79693009035e-06,5.46367770903e-05,0.0001146943619,0.000107642692195,1.1981151262e-05,9.59657456016e-05,0.000458210106575,0.000525156920928,0.000302220839095,1.40709226302e-05,3.57761970402e-05,0.000107078546115,0.000675322986829,8.97807884899e-05,8.7364182572e-05,7.27436686666e-06,4.57363850906e-05,0.000260711236242,0.000909984178436,lamp
0.013300234864,0.000580720060275,0.00272619814843,0.00329676905068,0.0166165758722,0.10176302626,0.740413375616,0.0367866602384,0.0172202481637,0.00974522247773,0.00612852131769,0.00307704267873,0.00255375647027,0.00302560984822,0.00214316974271,0.00142543308493,0.00114002793099,0.00266027403133,0.00194050502529,0.00100879979892,0.0005911716729,0.000247118234878,0.00153241680783,0.000462068952155,4.13635561638e-05,0.00202230545869,0.00169837853349,0.000740539597009,0.000120273321977,0.00147812089021,0.000110306030859,0.00205603926991,0.000786241868861,0.000242034097248,0.000204235001637,0.000876174491043,0.00131000900501,0.000632420508756,0.000420667083068,4.20265042589e-05,0.000326164154618,0.000242107839047,0.000162219548731,0.000238547101672,0.000168389452297,0.000172817051137,0.0005186493785,7.10422859956e-06,6.88028516451e-05,0.000223955829237,0.000760663760583,0.000300821819878,0.000448543434796,0.000148528840117,5.52197198553e-05,2.608878412e-05,0.000114476477746,0.000204105070176,0.00111742655352,1.70569082114e-05,0.000153722410659,8.32913353901e-05,8.5536372964e-05,0.00102099328398,0.000108063837806,0.000227750754075,0.000319224342498,0.00010956876596,0.000173489238475,0.000255313144963,0.000337215743124,0.000246690949444,0.000345469092986,0.000163068254474,0.00106849592409,0.000670738819434,3.29036799797e-05,2.11010425181e-05,2.02138399845e-05,0.000372653537587,0.00056601276152,0.000166760282271,0.000444994137461,3.59344575662e-05,8.32057257093e-05,0.000268448945802,0.000439506528624,0.000272458614909,3.98917468148e-05,8.14743729196e-05,0.000676818174894,0.000337444485768,0.000406010187866,0.000346898919304,0.000350551392156,0.000199065323486,0.000102652225399,0.000467874613564,5.02056772581e-05,0.00013423669718,0.000226279988235,lamp
0.00542891066966,0.00673463412723,0.00899583752617,0.00885126295303,0.0299482327476,0.103838413155,0.757654140062,0.0256836995193,0.0121779820465,0.00174430434994,0.00344352327017,0.00243573878659,0.000262498471915,0.00082662376394,0.00117144820513,0.00129220831019,0.000667629902675,0.00300546655633,0.000528274617457,0.0003480019605,0.000338078100496,0.000338101106714,0.000446260060473,0.000328981183343,0.000334981142041,0.000325347405507,0.000119937388255,1.35191418558e-05,0.000135285300034,0.0016758221953,0.000370441629469,0.000306669322786,0.000130651310237,6.2845881822e-05,5.8784064726e-06,0.000907340077438,0.000233791899599,0.00056041139567,0.000720159852501,0.00103250472545,3.16817335611e-05,5.73937377962e-05,0.000230010001615,0.000244718173558,7.06267888309e-05,0.000782112386979,0.000250413039033,0.000541438308473,0.000337090688,1.24233444514e-05,0.000195689005012,0.000301859588544,0.000141685961771,2.27219925496e-05,0.000190961934441,0.000238139150296,0.000823994405013,0.000218376345361,8.06206408127e-05,0.000256748012285,0.000338078100496,0.000169868275577,0.000485801641841,0.000222938262878,3.09154210642e-05,2.08264548002e-05,5.36330864002e-05,8.60109491333e-05,0.000547290308916,0.000269849502773,0.000463769021981,0.000431462001008,0.000351199846085,3.03174617233e-06,0.000253860972442,9.5522197109e-05,8.73854277421e-05,9.44934420432e-05,0.000212603446485,0.000299604998878,0.000167693720525,0.000276280806603,9.70651768317e-05,0.00104022837978,0.000198565605407,5.9558126286e-05,0.000133937317344,0.000441218995527,3.12499036336e-05,0.000217281286314,0.000274416276602,0.00124067829363,0.000552729842913,4.50667951233e-05,0.000214276841827,0.000130926311366,0.000148873474966,0.000447524052288,0.000786989061587,7.48473009341e-05,0.000447903562492,lamp
0.0206189453366,0.000912111914478,0.00208807357258,0.001789896088,0.0171258133024,0.0689998719457,0.79027247891,0.032424740211,0.0135267208089,0.00993695690203,0.00490957489738,0.00219661841297,0.00322220980526,0.00143370095972,0.00069412694222,0.00113535856564,0.00157427566715,0.00130768699384,0.00277860897888,0.000211149052065,0.000486879703856,0.000246709061107,0.000532868762677,0.000780792541514,0.000820423119199,0.000156965067681,4.0484968889e-05,0.00187974939036,0.000444093495333,0.000415746049751,0.00016641447833,0.000385262255924,0.000768045701515,7.26057357422e-05,3.84845820155e-05,8.04360371927e-05,0.000365225901379,0.000155079996279,0.000315058650228,0.000173710408708,0.000417738467018,0.000129172812858,0.000472483389168,0.000188949932608,0.000184977352827,0.00043899005604,2.97218523129e-05,0.000131585685786,0.000247662174514,0.000403700709881,0.000312848764122,0.000491500410698,0.000229229126822,5.79577695436e-05,0.000432055519442,0.000270014385579,0.000358346148226,0.000450752594216,0.000142998198223,2.85267502175e-05,0.000289052001913,0.000340002123068,4.27706419492e-05,3.72544915402e-05,0.000278705251438,0.000139710779561,5.23801970424e-05,0.000255888348461,0.000486704294218,7.59170269904e-05,0.000249518554804,6.97874386911e-05,0.000151928384794,0.0001067723363,2.60236832197e-05,8.53570964363e-05,0.000220604658739,0.000384659491168,0.000229179769587,0.000515186276195,0.000631118661252,0.000413458455192,5.20474696253e-05,0.000360099315277,0.000202253481297,9.21096025635e-05,1.3885111362e-05,0.000120992768304,5.55933182255e-06,0.000160625529081,0.0004315213945,0.00025489705983,4.28867527124e-05,0.000165996655408,0.00014349917457,0.000216984255114,0.000311736344552,0.000122053458063,0.00115323558127,6.30614074939e-05,0.000101408069829,lamp
0.0442438857341,0.0148494348562,0.0106298590113,0.0134036213903,0.0323473271319,0.149905304999,0.662559156844,0.034153400833,0.00638713993128,0.00461823276038,0.000639300385982,0.000473888000708,0.00180797248665,0.00189401001177,0.000506362090619,0.000265729051272,0.000362979168775,0.00268471190276,1.32730715272e-05,0.00074037930082,6.0718745884e-05,3.84319123277e-05,0.00128372196367,7.8711323638e-05,0.000445930932441,8.80736695364e-05,0.000144112971329,0.000389963247954,5.40552152043e-05,5.22242167608e-06,5.00044936766e-06,0.000991032902279,3.22502488087e-06,0.000436252324464,0.000409845021377,6.30973690891e-05,0.000148202707681,0.000332480972341,0.000261482309107,0.000362789783706,2.43709800643e-05,0.000147593876079,0.00019328163388,0.000164482749934,0.000141750972095,0.000415609194453,0.000121794924481,1.47554288822e-05,0.000245777875672,0.000160102436851,6.27108017643e-05,0.000383234263958,2.69077651292e-05,1.60400642886e-05,2.94559540454e-05,0.000728799206232,2.73319285954e-05,0.000245433412518,3.44425517975e-05,0.000132358245308,0.000407452394128,0.00013049661622,0.000190026814184,0.000322486494435,8.84992261089e-05,0.000437555664176,5.85990243012e-05,0.000134980177518,6.26300585012e-05,5.72827437052e-05,0.000229570515202,5.784948199e-05,6.29321727037e-05,9.26317647344e-05,5.30297139007e-05,0.000163067451068,0.000373015108967,0.000111032679974,0.000341496857205,0.000643818517739,0.000131288848543,0.000272438467743,0.000526118576463,0.000470622603621,5.69420640225e-06,0.000323525751049,0.00019979659697,9.12463264985e-05,5.04940479975e-05,0.000333304163247,0.000157505351149,4.86903370674e-05,1.49426713484e-05,0.000873592090267,0.000232881323662,0.000127567892604,7.59106316781e-05,0.000177920549324,0.000274413566657,0.000145989517656,4.30485076244e-05,lamp
0.00524947186552,0.0031817797975,0.00474338164762,0.00909056356481,0.0230563572487,0.122464806412,0.729370636747,0.0368596336576,0.0155982330314,0.00677580583968,0.00401150168313,0.00397106472992,0.000799766704565,0.00413353700545,0.00126803462939,0.000452355506502,0.00101001042954,0.000684175429991,0.000453278977822,0.000575185643423,0.0012568906571,0.000530382998929,0.00020534803715,0.000517881486695,0.00059361788324,0.000381548790795,0.000155433188723,0.000428524499864,0.000436643164372,0.000487372749905,0.000314818072938,0.000204571039672,0.000380061033692,6.44773703369e-05,4.92162048876e-06,0.000220699922266,0.000626393662589,2.40799563626e-05,0.000586688163322,0.000602719054597,0.000275152966797,0.00016280513519,0.000264294902415,0.000337291856999,0.000350986232221,6.17792639597e-05,2.1811316674e-05,0.000447936076633,9.24410750596e-05,0.000391036613374,0.000430680883021,0.000262593894861,4.76741672483e-05,0.000385932517378,0.000179370909845,0.000683440775185,0.000142757652158,0.000469180774249,0.000117923298981,1.48178635364e-05,7.73135351422e-05,0.000641290096032,3.4783313839e-05,0.000530128255593,6.69000303588e-05,1.37184071769e-05,6.6824308723e-05,0.000187467334614,0.000280278570192,0.000110278452594,0.000230753244043,0.000294575463629,2.75346097808e-05,0.000256936991554,0.000317285436617,0.000308288881508,0.000290336110843,0.000201453981996,0.000172963956085,0.00019098984934,4.0267178737e-05,0.000394765486999,7.23240397244e-05,0.000279808989979,0.00011951971977,0.00039848472378,0.000109085797952,0.000410383621696,0.000359826540473,0.000417612418806,0.000826366089627,0.000825454069258,0.000669652941956,0.00012246587959,0.000484474943118,0.000392946206185,0.000176811034657,7.27305215504e-05,0.000913381277808,0.000802920348896,0.00089805525925,lamp
0.24718827868,0.0656530308673,0.00287449726067,0.00574008829243,0.0128119424866,0.00524567433936,0.00483508244147,0.00393432651003,0.0049941940967,0.00190838651858,0.0073516941397,0.0194137149529,0.00327152335159,0.000475154939396,0.000632137730133,0.00667133452866,0.0131617416832,0.00688687820339,0.00381430702792,0.00818224712142,0.00727060156318,0.00265693673265,0.000895504459227,0.00162272137311,0.0158605430633,0.00503317349887,0.0025931769281,0.000940293310813,0.00380668795199,0.00768612031667,0.00147107823776,0.00426842401108,1.99192065012e-05,0.00187982870343,0.0133134087722,0.00493948599306,0.00699988348053,0.00600336712451,0.00292821811605,0.0067976791189,0.00653428193476,0.0100919580243,0.00275880138022,0.00967344381794,0.000843935490647,0.00835809287437,0.00976460049702,0.0200101702599,0.0161493757097,0.00104870794905,0.0230638891658,0.00327694951945,0.00228967077406,0.00959323692543,0.0109457820138,0.00891916792426,0.00306445494951,0.000826598779659,0.0243469234503,0.00313809773729,0.0113001150719,0.000553831840853,0.00279179694883,5.87774324885e-05,0.00245708388497,0.00307223918974,0.00611193291131,0.00996624767151,0.00096080746813,0.00474466920012,0.00186518779224,0.00134572879534,0.0101948128111,0.015627010198,0.0215339617867,0.00325148712108,0.0105122874636,0.0100798352838,0.000289504147943,0.00547219764212,0.00200553666387,0.0102603150893,0.0133920272995,0.00153500953618,0.00734519725374,0.00642302416684,0.00546598733681,0.0021585556836,0.00445472292473,0.00364789776478,0.00151178068548,0.0105736323339,0.00589742439074,0.0129498797073,0.00796047227239,0.00553673399875,0.0112538364106,0.0196686647978,0.0133748215034,0.00118133049626,0.0344822087113,lamp
0.174193427704,0.019853101697,0.00794682682467,0.000876246768678,0.00246375513163,0.0218323140882,0.0190218377858,0.01381372917,0.00128823346237,0.00641420397902,0.000200133374376,0.0193222862049,0.0098791765092,0.0087228326882,0.00348473791501,0.00453102553736,0.0147880008515,0.0565670986375,0.0199763012555,0.0228803726017,0.00222366914543,0.000984235480396,0.00477652162585,0.0125496361196,0.00151292258394,0.00191827276195,0.000515573043575,0.00208053554994,0.0541106053391,0.00177927760597,0.00898654133557,0.00842902492396,0.0165760122842,0.0094118840444,0.010984285464,0.00225734982876,0.00275855201793,0.00303709857735,0.0245930681881,0.015838176789,0.000993579246511,0.00625202463476,0.00366792927625,0.00255498771033,0.0121152691753,0.00556921094986,0.0119660224851,0.00747425343284,0.000102645235116,0.00310842722121,0.00157596674102,0.00223073216088,0.00970529616246,0.000320732676881,0.00137860611443,0.00379282039572,0.00368109182133,0.00431746730536,0.0025395785637,0.0195896705591,0.00691880853617,0.00755151063455,0.00168922207052,0.0269364241265,0.000705530422889,0.00434600507819,0.0100619233068,0.000472084139649,0.00984129809926,0.00200660300589,0.000593605240444,0.000193358320296,0.00114543421099,0.00545404371946,8.5451687375e-05,0.0119708109794,0.00101662337382,0.00230649715708,9.5738569612e-05,0.0131445887737,0.000376623290935,0.00735083839353,0.0117522577387,0.0135979054686,0.0089058039507,0.0147253535767,0.00215010903677,0.0190994366825,0.0109898558145,0.000311690760857,0.0125170773825,0.0150093274847,0.009131415711,0.0198869479439,0.00809785519069,0.0168339754656,0.000160295993931,0.00442034970031,0.000747563295494,3.23555876464e-05,0.00105220331374,lamp
0.239127222961,0.0252480434812,0.00247730320956,0.0015954625553,0.010365863774,0.0239193431924,0.0247113498461,0.0060175264334,0.0113879586677,0.0113623382561,0.00770024731873,0.0202253362966,0.00520198837513,0.00709395205831,0.0181436866228,0.000200969984369,0.00266414521569,0.0311706413525,0.0116736591036,0.0001837851498,0.00608342652941,0.0123845090808,6.9856169261e-05,0.0235610333566,0.0292424644304,0.012325261995,0.000139304664551,0.0145329302422,0.00487826667814,0.0204401473693,0.00603209821907,0.00893215919564,0.00406762187186,0.00633560463981,0.00541331495643,0.00023259388918,0.00142110211553,0.00523916369506,0.00616243732367,0.0132055355401,0.000390072488404,0.0149637812618,0.00812389382496,0.00170231206863,0.00772159515994,8.97419080231e-05,0.00411262116997,0.00181394743503,0.000286859181276,0.0023829442141,0.0033047954526,0.0099022239211,0.0018122080998,0.00798485474466,0.00169002100812,0.0110042785069,0.0081434512026,0.0014110240408,0.00976609428377,0.0104595982975,0.00161480287783,0.00485708034845,0.00120481596173,0.000370902787676,0.000237954057916,0.0110609746657,0.00630317949059,0.000494279077876,0.00534518908327,0.00772534557446,0.00153758084406,0.0159608313583,0.00574658572121,0.00267911599201,0.0211537166227,0.0182965838694,0.00736031896339,0.00166233363743,0.00597368876961,0.013775651904,0.00360678601192,0.00217684698231,0.00104315890351,0.000792542298787,0.00495136188546,0.00388405804169,0.00346134128112,0.00200436905258,0.0173807801425,0.00066755818735,0.00790252173285,0.00152637131559,0.0120613817652,0.00599242632532,0.0071632329001,0.00957646929522,0.010927015552,0.0059175639949,0.013195034761,0.000673078691618,0.00349919518511,lamp
0.10456329086,0.00386708228843,0.00128037561377,0.00341861391878,0.00725334026494,0.0149226506014,0.0095041080082,0.0369741266687,0.000484293034113,0.0169253605992,0.016620971465,0.00657692101195,0.00751646057469,0.0159283969601,0.00251746616974,0.00865310995712,0.00758604833133,0.00646547307134,0.0341745815555,0.00583884217133,0.00686460590929,0.0159699425489,1.57749119393e-05,0.00806149575353,0.0124108659217,0.00233657409038,0.00753924579894,0.0542111521283,0.0216965101495,0.000477708116419,0.00107626823477,0.0485762367062,0.0116605394248,0.016300857567,0.00356125981549,0.0189262918195,0.0112424225689,0.0152827421818,0.00922059633313,0.00595107343576,0.0178134016765,0.00607114196745,0.00244715046253,0.0175283857702,0.0296997690866,0.0108890887386,0.00325624108089,0.00518630208849,0.00267364241878,0.000121211484192,0.00268947577267,0.00906184177465,0.00123965669524,0.00622360795494,0.00431191393871,0.000201831365085,0.0183762677727,0.0174176073957,0.00125490789074,0.013139337772,0.00185634995686,0.000252539979671,0.00252762660903,0.000213868499191,0.0157833549705,0.00194074280129,0.00221065838345,0.00361555356031,0.0210291959031,0.00190583133369,0.00604000135739,0.01037735349,0.00555981319231,0.00488275715149,0.0106191824293,0.00254857206719,0.00407023607198,0.00112871252946,0.00531843071792,0.000176293559658,0.00225626015499,0.00516265797158,0.0030703718456,0.0107565897128,0.00781781744933,0.00511438038947,0.0073030197001,0.00239722933647,0.000433072649468,0.00492143774376,0.00293706783572,0.00498753922298,0.00337661319248,0.0143369091855,0.00548422936021,0.00148320365293,0.00589273453161,0.0131686105198,0.00734921888272,0.0274792201872,0.0101582822627,lamp
0.124056930794,0.00768509113879,0.00134527872738,0.00569858035583,0.00101232313416,0.00972367208224,0.0766151882569,0.000657288186035,0.0147077149473,0.00349572244508,0.0013038285107,0.016168286635,0.0701473433849,0.0187651377872,0.00798923601403,0.0082720202795,0.00512380344345,0.00245200593298,0.0251230861705,0.000799682311017,0.00475346818643,0.0017596676718,0.0601002565856,0.0150522565193,0.00317958523544,0.00166525404333,0.00759077851526,0.00535215859091,0.0223558150861,0.0203611050586,0.00414491240478,0.000139206725515,0.0013092743824,0.00150008677936,0.00571819878855,0.00404554923159,0.0173050653455,0.004743690717,0.0172972099316,0.00372687086228,0.00699503900924,0.00256371405147,0.000251262691367,0.00364107478412,0.00181521431672,0.00911982577072,0.00147489406058,0.00295205010408,0.00459534894946,0.00330975571881,0.00132539455977,0.00363083827829,0.00629852826199,0.00265084619285,0.00156903492558,0.00427477323116,0.0286237602664,0.00649059711106,0.0107734716618,0.015276012068,0.00799071027285,0.00561550422514,0.00313982479946,0.014083170413,0.0305125672066,0.000794766127324,0.000100103686182,0.000548875502963,0.0330013696236,0.0227978945629,0.0025951480467,0.011653789192,0.00680249455653,0.00311550448535,0.00602649143155,0.0212742671834,0.00335929646986,0.00725153501893,0.000811154663262,0.00172454015308,0.0114177500287,0.0118211945758,0.00156255818205,0.00127365877987,0.000462918082596,0.00966282130688,0.00838537927589,0.00520792379724,0.00501945755032,0.00525851864787,1.04318240912e-05,0.00381678964559,0.00328947346633,0.00612445559956,0.000197273214098,0.00335007753724,0.00192649099475,0.00385830035397,0.00153178161309,0.00971060213793,0.00203906855348,lamp
0.336221169613,0.00350050081264,0.0026641354989,0.0133991880524,0.00529738286957,0.0123727504789,0.0171292312019,0.0213644708921,0.00873161570947,8.4735087624e-05,0.00541484739591,0.00823676481936,0.00753316943726,0.0150183152965,0.00161291760484,0.00274503361627,0.0106656844167,0.00908802537341,0.00765482559603,0.02699993595,0.00547345582083,4.17138378465e-05,0.00973699227836,0.00234576505023,0.0116930060039,0.0138276608371,0.00105949538572,0.00186728376873,0.0286534518103,0.00186423127677,0.00360700447536,0.00562665415761,0.000463281053967,0.00452458843256,0.00916512283662,0.00653975619542,0.00108992576834,0.00409230532105,0.00247522356462,0.0054931126394,0.00955732413639,0.000961560322365,0.000915911799214,0.000581897745959,0.0101028130838,0.0176156338572,0.00631914012813,0.00240448547997,0.00351296296372,0.000613366477113,0.00629315376339,0.0106391742103,0.00868921969624,0.00599873151468,0.00124822616704,0.0050896467409,0.00104478901202,1.98968911519e-05,0.00968968855122,0.00069716715164,0.0232209430738,0.00675674708222,0.0104257921349,0.00197663734934,0.00398009308742,0.00866990905363,0.000469825588223,0.00550944941885,0.000990124054759,0.00340692795187,0.00109387570749,0.00363952378943,0.00565412507391,0.00128124893814,0.00540762705981,0.0213742957977,0.000866991627239,0.00540427658969,0.0109677847966,0.00598444111876,0.0034935253401,0.00257341085,0.0106839790416,0.00420362201618,0.00267008224655,0.00706791855494,0.000828129609519,0.0108122904521,0.00563924951074,0.00492227948227,0.014858365274,0.00499365215711,0.0056343883317,0.00894822960757,0.00752493206673,0.00106007110598,0.000568453101193,0.00681760594805,0.0182220267888,0.0106884858742,0.00333914341641,lamp
0.134316253872,0.0269740215971,0.000622628262615,0.0170346131604,0.00605974416674,0.0324929430223,0.00238354548434,0.00750064072527,0.0173589453455,0.0101399577563,0.0324566970201,0.00585454093813,0.00235565598709,0.0169441928702,0.00329663884305,0.0142618749351,0.00887559697822,0.0204079740608,0.000581206433107,0.00158857969538,0.00731298943163,0.0035388168956,0.00234584625029,0.00630085501874,0.00542566007537,0.00300305937316,7.74716709535e-05,0.0108663536766,0.00147553371177,0.00212792435966,0.00632941917583,0.0168469555106,0.00197577284317,0.00274464036066,0.00181816304329,0.0321503293259,0.00510905836464,0.00343963215024,0.000580522292717,0.00127702655428,0.00692522985543,0.0121774286768,0.000525021636522,0.000115814707621,0.0132415910335,0.0330666041508,0.00500262081353,0.00236683423885,0.0152646340098,0.0190288187635,0.00275736784909,0.00392570555545,0.000713242121779,0.000882539728595,0.00616002986198,0.0122074905901,0.00923697222957,0.0038756386038,0.0116510219712,0.00851100466753,0.0038584053099,0.0035317120207,0.00132613824287,0.00781591072251,0.005109884962,0.00171484028441,0.00773010038476,0.009964153839,0.00317319220747,0.0344062158726,0.028473057496,0.00860014331592,0.000288550247828,0.00988232736949,0.00111225374664,0.0151144693765,0.0107292745048,0.00650785238588,0.00186933046296,0.00224534184882,0.00298101963771,0.016851786791,0.000991321019343,0.0206719738918,6.60697464346e-05,0.00341279884607,0.00111959901815,0.00562043296649,0.0289388334274,0.0103084271446,0.0257208921604,0.0116333341594,0.0148394396415,0.00287203534788,0.0175556964441,0.00155455300098,0.000768787660242,0.00476952828039,0.00599669590093,0.0123362705619,0.00364945744733,lamp
0.309712612351,0.0134715800182,0.0132621114715,0.00271707213128,0.00626684145879,0.0203828373318,0.0358785440648,0.000958632449509,0.00204357169269,0.0161759455248,0.0155909831951,2.26672243189e-05,0.00199465027888,0.000885369709737,0.00267643782119,0.00845172798548,0.00621071643243,0.0169095814202,0.0136395309362,0.000224628406578,0.0125126769022,0.000873738142536,0.00812860190127,0.00980541109077,0.00638869323854,0.0319369445155,0.00961914902534,8.66010412494e-05,0.00127090108936,0.000804248625634,0.00134475099031,0.0115949498354,0.0233420226979,0.00157232629321,0.00836577722123,0.0105669133731,0.0153256326734,0.00323779081428,0.00717096439727,0.00337926642998,0.0118439392988,7.25587058016e-05,0.00747884690239,0.0020082291482,0.00254959283498,0.00229907314585,0.000372278036194,0.0100785443917,0.00201067123743,0.00289595373871,0.000767905527726,0.000593683471217,3.72092284433e-05,0.0153971108315,0.0120488053335,0.00579425756333,0.000630679550907,0.00398048028686,0.0113364359747,0.0112642857872,0.00449662947618,0.00376132029964,0.0170397999213,0.0182566274178,0.00138886664533,0.01378116777,0.000586167132062,0.0039081614445,0.0149374255224,0.0116348489703,0.0130676838264,0.00363772456522,0.0079223030938,0.00582732465341,0.0123537614278,0.00200209253893,0.00499030422517,0.010077366945,0.00555227791864,6.7990866226e-05,0.00692399010166,0.0074489878415,2.88881650907e-05,0.00228505132086,0.00205579906245,0.00752138391502,0.00514754408436,0.000172322588517,0.00720125499927,0.00752851607376,0.00497806074353,0.00362191590677,0.000803805737745,0.00324092726212,0.00593953165757,0.00807276739042,0.000454134991158,0.000916696067213,0.000987514264117,0.0102218933171,0.000895226651494,lamp
0.147532175114,0.00263238433518,0.0130381712706,0.000747752067057,0.00276407342553,0.00290490903341,0.0473110394695,0.00223773085912,0.00222432587997,0.054273215628,0.000588975348084,0.0299755397527,0.0140809718714,0.0174037788769,0.0109702450129,0.0210609994242,0.0119162131364,0.0204263321143,0.007184761229,0.0153421064275,0.0140743160299,0.0159084068783,0.00863094608362,0.00144405233688,0.00224800647716,0.00971801055545,0.00776724340207,0.0112196618004,0.0249917477829,0.00231387873249,0.015566260438,0.0111957202717,0.00327355392057,0.00767862691917,0.00714329647645,0.00221220647232,0.00512767932613,0.0158513011599,0.00259894596676,0.0114537190639,0.01308006367,0.000969960292842,0.0040224409225,0.0105109499967,0.00490318256215,0.0113120195959,0.0208270447018,0.0018612231625,0.00575189443356,0.000820409746303,0.0181238219516,0.00635758529345,0.0034068067243,0.00110527549291,0.00811476755532,0.00360114114216,0.00254450117885,0.00132046247303,0.00988961988515,0.00304968874632,0.00931607535934,0.0195026956621,0.00298319603769,0.00228590479723,0.00367491499298,0.00297213108429,0.00912410713531,0.00103351419894,0.000615035003119,0.00242784912943,0.00919961999732,0.00190746861996,0.00202173013285,0.00798637531474,0.00774296905672,0.00203475492656,0.0035164583355,0.00275955759903,0.00250166980355,0.0102713375608,0.00332519351768,0.00615824706591,0.0244315107212,0.00599628548115,0.00693391906098,0.00114382081937,0.00101762931067,0.023301901772,0.00155961449414,0.0048891383763,0.00918701664198,0.0202779057879,0.0140019625122,0.00533234241705,0.0144189919794,0.000950948617509,0.00350625789947,0.00170052080015,0.00137062435692,0.0100126637232,0.0,lamp
0.406858497714,0.00957162781492,0.00290173588466,0.00143164564783,0.00799073555959,0.0118893370582,0.0201929961437,0.00289918245426,0.00234218816839,0.0110882939939,0.00582217334151,0.00796712356223,0.00827730492503,0.0146455024852,0.00188763483455,0.000436274191824,0.016388519379,0.0280345846833,0.00165962119467,0.00583877275315,0.014435350489,0.000826634297841,0.00209191571356,0.0035306458289,0.000889667670204,0.00621043477774,0.00767297354449,0.000657419004094,0.00206025562345,4.55830886595e-05,0.00380160461854,0.028580774743,0.000423984829566,0.00296875443872,0.0120845016253,0.00194076463777,0.00100294507739,0.00438619014431,0.00954892249006,0.000941478077029,0.000672609383377,0.0043933493871,0.00508207296137,0.0253158084808,0.00378607920812,0.00844693073029,0.000253052322706,0.00278212713263,0.00202287637944,0.00175350996554,0.0121704074567,0.00228236506788,0.00147563375608,0.0027886567286,0.0217967936433,0.010556268319,0.00383899104874,0.0230471405379,0.014080658724,0.00181430962299,0.00250243433005,0.00137189531459,0.00251929820094,0.000639051531135,0.00244928503677,0.0012109128644,0.00248298256866,0.00377114934527,0.00198574477035,0.000969102695776,0.0185225493222,0.000149228453912,0.0114588816175,0.00312219603809,0.00173618072534,0.000119482237261,0.00320603240518,0.000134054968262,0.00101603490388,0.00199829090664,0.000705035785983,0.00119761144518,0.00657936837129,0.00440762117155,0.0216240520691,0.00105703900383,0.0133009117848,0.00378075372977,0.00323688438796,0.00341760942835,0.0121244162474,0.00617021783194,0.000869225400843,0.00369278482138,0.0146026941206,0.00196342485757,0.0114019594925,0.001008308877,0.00156722493409,0.00229492835396,0.00304894628271,lamp
0.352264680377,0.000378213722276,0.0110331079132,0.0018095225003,0.0155784460335,0.00112307018396,0.00851447265224,0.00238277646886,0.0109690797566,0.00450827769681,0.00231757300149,0.0147441436793,0.0077900677295,0.01773003489,0.00475655494349,0.0116548902413,0.00324359861215,0.0800084579628,0.00217832097772,0.00405789721573,0.00400382055636,0.00027457512324,0.00691990880034,0.00453490146744,0.00877907897031,0.0353337725232,0.00482027704618,0.00938238858284,5.43421016959e-05,0.000350092792109,2.76984974442e-05,0.00693240073805,0.0145713095346,0.0054041578565,0.00208936405967,0.0143118058763,0.00968894867516,0.0145290667091,0.0007275209852,0.00189904885487,0.00123021973018,0.000487006847638,0.00408905811522,0.00594300649789,0.00387496097106,0.000369919931957,0.00629775083292,0.00943986982889,0.000101387176392,0.000812750166994,0.00136702552665,0.00235201975766,0.00859349070194,0.011018804135,0.00337371237954,0.0144737790052,0.00114210066138,0.00244445131353,0.00238654498688,0.000739044373351,0.000286594739181,0.00775212030422,0.00549521372623,0.0106134872765,0.00670182897807,0.000605012583408,0.00453691834022,6.77247464636e-05,0.00306694201957,0.000804175888291,0.00447714452739,0.00854180372868,0.00155861341053,0.00360404367904,0.00770516230914,0.00260213253478,0.00180115235461,0.00105631208006,0.004402883719,0.0011995615922,0.00852072412332,0.00965597078501,0.000547533629713,0.00426668567309,0.0211103423906,0.000966587287941,0.00363349915909,0.00332397568036,0.00179571352582,0.00501223497956,0.00780967991538,0.00552915984749,0.00896706276783,0.0119627339919,0.00899658431291,0.00395079056834,0.0156071220366,0.00584896199908,0.00500504964607,0.00639298628174,0.00200320361107,lamp
0.130256084518,0.00318695112753,0.00629199583453,0.0166240887738,0.00433563652464,0.0244858957893,0.000737059920166,0.00284003255514,0.00344477862365,0.0158313940929,0.0113238279144,0.00994487064986,0.0015345021013,0.00165803126539,0.00238305586651,0.00291515596116,0.00191187159759,0.00484569940721,0.00337021519801,0.00547583774857,0.00487438004514,0.000696897969335,0.00497510381449,0.00920838037285,0.018361695234,0.021053537222,0.0111540307708,0.00325548220496,0.000558928561165,0.000940960391652,0.00343957817661,0.0292946067551,0.00394329003704,0.00825459763455,0.00284853258851,0.00530236152131,0.00458562077774,0.00337044355881,0.00513192305291,0.00415069791206,0.00428858456069,0.00562559018381,0.00212781823406,0.00131079502891,0.00531858827736,0.00475776522823,0.00640798133362,0.00128449596851,0.0515789757305,0.0224317708154,0.0072719969735,0.00830448582418,0.00720588975733,0.0112284327844,0.0241517042477,0.00171946796413,0.00694454777015,0.0197159203268,0.0124474672853,0.0141846786987,0.00959488560927,0.0113627242858,0.00346604757687,0.000743858153423,0.0156036161034,0.024821133908,0.0234266294515,0.00292200888996,0.00727869936846,0.00284755477409,0.00585351749604,0.0139462412602,0.0122217630704,0.0152605237885,0.00706671289707,0.00176661513031,0.00388952015545,0.0037551064256,0.00857941126725,0.0148716146071,0.0188678451083,0.00234565471049,0.016430068528,0.000597824070541,0.00457126897247,0.0062509277598,0.00494486978187,0.00342355786464,0.0122609719375,0.000581787689267,0.0178121008818,0.00460448649864,0.00298953600517,0.0172163750474,0.00335806306458,0.0364406116258,0.00104681841073,0.00592300746386,0.000578241129396,0.0309021039934,0.00247070417404,lamp
0.337807758313,0.0292525192205,0.00132211222715,0.00149015599386,0.00203142855287,0.0241011858698,0.0356147245627,0.00222816083338,0.000823134172767,0.0308275415748,0.00482487192616,0.000811767973476,0.0132185784822,0.000475005420623,0.0126442547045,0.00252283974358,0.0037929326285,0.0102922128451,0.00409558033581,0.00903122393354,0.0188909364112,0.00541514678926,0.00581520282269,0.00634511287942,0.0188608351543,0.0186495646415,0.00565266009704,0.00024756543916,0.0268597813321,0.0040144688537,0.00716418248258,0.00562393900224,0.010491114149,0.00131118108976,0.00925282353109,1.6921152232e-05,0.00525825178972,0.00450993607809,0.00661020733838,0.0129441425818,0.00567640945104,0.00591807797491,0.000863970361771,0.000753216578926,0.00376846196431,0.00379325672226,0.00899887211594,0.0197898393402,0.00117191135974,0.000405878151318,0.00137631046846,0.00525954036551,0.00481797545261,0.00444896182748,0.00137776847084,0.000335007221746,0.00108186299666,0.011558398795,0.00484383352005,0.00162830600946,0.000691752661526,0.00415370539137,0.00343822281419,0.00206488246623,0.00384153978904,0.00134294296774,0.000306513282762,0.0062882470332,0.00137927115971,0.00184961116458,0.00349854468791,0.00650851253148,0.0029128494495,0.00141154191483,0.00780867835709,0.00721147897567,0.000949241028764,0.000123124569482,0.0117265189723,0.00138989035907,0.00710118897215,0.0134553329342,0.0143106054005,0.00691357485745,0.00640977209099,0.00427422985183,0.0024930145831,0.00972794724357,0.0183619552825,0.000934098911534,0.00977024672261,0.00222353760596,0.000257198216675,0.000758398868797,0.00522823017603,2.63736794882e-05,0.0184368977266,0.00956646273006,0.00130170986876,0.00671924798817,0.0038230846346,lamp
0.299937306869,0.00562278342299,0.00248729445842,0.0114723487939,0.0134663515075,0.0172202724594,0.0121766347941,0.00420045286291,9.5834154152e-05,0.00634167480274,0.00994221607243,0.0160966073106,0.00214517850205,0.00370632368807,0.0209958007369,0.00129701469195,0.000814189973388,0.0246196118634,0.000966506066163,0.00517711200656,0.037426875719,0.0045918726898,0.00592809690047,0.00355224813239,0.0244386352192,0.00426872577356,0.00304011202044,0.00508297795005,0.00626018406667,0.00245136353704,0.000815344610835,0.00609802275366,0.00734376043649,0.00647437452752,0.00578678119905,0.00818536753733,0.00189776082228,6.82322859699e-05,0.00127096070123,0.00383864837628,0.000926430902877,0.00469071831846,0.0087468979372,0.00311972570883,0.0126777597164,0.00429818469183,0.0284664546548,0.00471571588762,0.00203077535667,0.0144459362272,0.00597335064555,0.00111715301882,0.00202000982077,0.00420385433725,0.00168041105666,0.0141258011455,0.000913103876444,0.00856630778512,0.00011595583532,0.00135847126592,0.0186405146237,0.00407737323833,0.000665390712804,0.00277490048709,0.000552313477515,0.019931338903,0.0142496079712,0.000781744669025,0.0100394302068,0.00496236268126,0.00293949936062,0.00935423942718,0.0229566022366,0.00113328349163,0.0287768716546,0.00252249973395,0.00719040397179,0.00210534191894,0.000213558254021,0.00136526091666,0.00104028763679,0.00151889749527,0.00851787682124,0.00288855279387,0.00779955019051,0.00049585685355,0.00189508257849,0.00591508087816,0.00957760933929,0.0155630882976,0.000330925915408,0.000731031272203,0.00210839173758,0.00569695317698,0.00990458856615,0.00750116500622,0.0136852286561,0.0096874786963,0.00320291610627,0.0148833800283,2.8641532131e-05,lamp
0.20517629258,0.00803041268091,0.0191583224388,0.00288120019799,0.00631242456609,0.00614098541757,0.00227228714686,0.0112465298268,0.0299459129114,0.00123213154493,0.00600250696166,0.0161674336555,0.0120863160309,0.00978860991606,0.00517668525615,0.0362388052669,0.00129462201001,0.0200263593011,0.0100709608449,0.000443247867845,0.0092477549262,0.00930750624908,0.000387721632184,0.0211917036534,0.00761854465021,0.012112705631,0.00330690508856,0.00242397657963,0.0221499215392,0.00868307842141,0.00381535362714,0.000622509280175,0.00269458028364,0.0116275804731,0.0063919090824,0.00310067252496,0.011280580136,0.00721719213087,0.0176381501987,0.000815691601052,0.0124458691227,0.0110762553934,0.0136454519107,0.0098136846407,0.00169996242336,6.15112270133e-06,0.013036964064,0.0075267645569,0.00405755110219,0.001142191096,0.011487387764,0.000500707479059,0.0174961787423,0.0113940998511,3.67950229568e-05,0.0140175400089,0.00512054156208,0.00192524407269,0.00216885994911,0.00601626499281,0.000495620414736,0.00824897485448,0.00727766976104,0.00181217021794,0.00335981209803,0.0038668215901,0.0071544048893,0.000665025431889,0.01660542452,0.00222245149527,0.0118957976506,0.000129266463708,0.00241727162165,0.00662751873831,0.0102939059681,0.0192078462414,0.00698041605365,0.0249273222622,0.0143810539466,0.00702253930114,0.00201987775657,0.0107730227649,0.00180795560203,0.0148753895972,0.00816779445249,0.00152427042394,0.0046417224382,0.00196939551981,0.00769529063769,0.00621025003504,0.009423732511,0.00115692883156,0.0264690254946,0.00209150466418,0.00131028031043,0.000740143559122,0.000658800913762,0.000418530655295,0.0189930824659,0.0036946640914,0.00382647474566,lamp
0.240043027487,0.0133016298856,0.00182951710687,0.00151925988302,0.0291223527058,0.0174566590589,0.00269146479714,0.00309222538678,0.0056460819428,0.000684676736043,0.0132830514871,0.00603057658729,0.00148509432579,0.00562030457479,0.00513917144481,0.0039651026226,0.0143793781937,0.0119262070355,0.00208212198897,0.0101184391222,0.0125051237014,0.0170622180416,0.0211021346465,0.00314561083208,0.000307366224606,0.000769999291108,0.0048055287835,0.00673254791467,0.000617259700656,0.00516222413092,0.0109987420466,0.00644822319669,0.00622290556392,0.00011320975483,0.00445707675617,0.0119737025219,0.000804192517347,0.00191742591507,0.0060816236175,0.00912864173133,0.00313026719123,0.00411174179808,0.00317925507903,0.000161818071255,0.00739203427153,0.00251987212511,0.0135357908095,0.00727911115249,0.00635155840629,0.00250151712374,0.00267777447188,0.00459777658784,0.00512377240869,0.0262279082616,0.000638823810818,0.00187615584339,0.000581008206217,0.0316339250215,0.00042304487952,0.0263816212387,0.00652767331412,0.0350217681279,0.00217781324594,0.0148820969333,0.00937990743629,0.000302903894158,0.0035860639029,0.0127388856654,0.00341155696305,0.0229735776096,0.00624960546856,0.00443841601731,0.00770561570772,0.00399070046305,0.0200913009203,0.014234692536,0.00303353423951,0.00109368675495,0.00475624973246,0.00411506858218,0.0194454314333,0.00508149149792,0.000877458779466,0.00200548514141,0.000346881367346,0.00587294841421,0.00453553749196,0.0100233961408,0.00231488708939,0.000694784002031,0.00750673067531,0.0288494566234,0.00718528153965,0.00478979831498,0.00871352890317,0.000671384835586,0.000369250169887,0.000964481833382,0.030188627055,0.00743229879441,0.00132286636303,lamp
0.160404224101,0.00390124977198,0.00586550946219,0.0231684299722,0.00377202677982,0.00341510228462,0.0214321520402,0.0142677831577,0.00607366279106,0.000501806177026,0.0138532861855,0.0163814189368,0.0200553507967,0.00380477920891,0.00257317249969,0.00605367071419,0.0161490922315,0.00814165068927,0.0141989450352,0.00577274113243,0.016926989302,0.0131182136348,0.0101711856305,0.00662967338687,0.000997404224936,0.00729563386565,0.00752564523764,0.00692756603614,0.0155233501383,0.0306387437355,0.000129120903378,0.00304292889164,0.0211430287761,0.0104473080522,0.00933681748623,0.0183666472011,0.00115835771261,0.00485802565612,0.00806869899606,0.00488356941217,8.44566134609e-05,0.00511720751306,0.00528833789584,0.00482647045746,0.0300429092056,0.0135547352206,0.00378114611308,0.00410577071104,0.015162735805,0.00592384963489,0.0147843518155,0.0122705778659,0.0137450654849,0.000101623951088,0.012910771426,0.00392901887623,0.012538761159,0.0134054761325,0.0326201019335,0.000504425873533,0.00103990400024,0.0411502983119,0.00233392417645,0.00255141455659,0.00511571297813,0.0037530309077,0.00603046257309,0.0294435829248,0.00285135668509,0.00095827912311,0.00425285643582,0.00555500356249,0.000448863199191,0.00615848972156,0.0038379817398,0.0071787301427,0.00361288568824,0.00143480132566,0.00579616382688,0.00317089044917,0.00447443073697,0.00245374507436,0.00206216563595,0.00392919383558,0.00376299395061,0.0235158023326,0.00146192166459,0.00462069394587,0.000373748573644,0.00243634232333,0.00969670448453,0.000737398884959,0.000848618890164,0.00403150698602,0.0322461860669,0.00151147788312,0.000961217668411,0.00139921131435,0.000683307059426,0.00349808437336,0.00694786005084,lamp
0.23590087314,0.00673874350735,0.0016770020074,0.00409271022147,0.00428287248173,0.0305852374166,0.00806499686419,0.0171183862614,0.014294802585,0.00859084209869,0.00260120621194,0.00423610031543,0.00496462096164,0.000525762887271,0.000889482403336,0.0166690133486,0.0119737116867,0.0337577914784,0.000311048729691,0.0219574740109,0.000680317834108,0.00552577132503,0.00385442354886,0.00477180175173,0.0050099734444,0.00371848244661,0.00238655505419,0.00791756833157,0.0057096423216,4.65582431465e-05,0.00523890523514,0.000356593619972,0.00693638595935,0.00684896327555,7.81423880043e-05,0.00211407828054,0.00616398547222,0.00144857868056,0.00394423582521,0.00703695647539,0.0242233660389,0.00298511813767,0.00255608471867,0.00142863205389,0.0209091795436,0.00992168100284,0.00228103335971,0.00280059315465,0.00292084964713,0.00381383672288,0.00140800086369,0.005152935204,0.00233026640507,0.0114303022576,0.0112905958123,0.0261884238823,0.0086531381259,0.00357849932107,0.0190692478323,0.00614518917985,0.00679603179995,0.000899722997715,0.00807536266027,0.00928704022348,0.000991279198517,0.00112788653925,0.00267841886242,0.00745840991031,0.00704831241176,0.00828038207203,0.00316425152076,0.00576397059236,0.0136971378083,0.00198982738291,0.022062664565,0.00262426904798,0.00869429022675,0.00548424769894,0.00347457538408,0.01041386572,0.0258528819312,0.0026917294193,0.00655435490442,0.0022312673758,0.00259544235444,0.000181771631032,0.00195638422239,0.00142745280405,0.0192361093929,0.0124549662369,0.000430583343699,0.00395870253144,0.0174629705402,0.0140969171896,0.000719105933142,0.0438455982556,0.0197949184572,0.00461710408532,0.00500337926958,0.00514491778482,0.00162392431883,lamp
0.224289252281,0.017333506785,0.00289831744479,0.0226161230784,0.00672549107341,0.000694525201546,0.00760710327797,0.00656696323732,0.0153420043896,0.00457661823104,0.00229972809622,0.0136386388499,0.024529894519,0.00518587845235,0.0108939910599,0.0105647777901,0.0175348671979,0.00439491786137,0.00856047953906,0.009136833752,0.00418231080788,0.00264265928221,0.00174548946869,0.00289590164166,0.00347774024041,0.00361538563804,0.0176559958357,0.0122692570893,0.00392136036892,0.0195964505654,0.00146717625975,0.00855477701029,0.000656575677665,0.00135651241062,0.00957974892211,0.0109580055108,0.0156889508704,0.00591654324509,0.00630580660604,0.00149642879235,0.00414913417564,0.00334630731512,0.00666248244148,0.0061988864646,0.0194475241068,0.00623065955557,0.00181226415209,0.0158337433713,0.0224715260512,0.00119141242156,0.0241412767541,0.00492358771088,0.00322819687608,0.0158763346871,0.00310432954775,0.00367469686091,0.000506799464141,0.00174418163656,0.0023954688134,0.00640744128138,0.00187405280432,0.00705652640111,0.00134278732247,0.0201871859058,0.000882751992936,0.00120009643328,0.00185678962532,0.0169102592269,0.00543275473003,0.0070498702171,0.0200729759804,0.0131154105888,8.9466637327e-05,0.0120112001133,0.0034454703873,0.00552010943756,0.00104611415922,0.00342739490323,0.0135890564048,0.0044675434015,0.000790767380761,0.00226521535911,0.00237996241637,0.0102658361265,0.00593888327267,0.00273251277299,0.00713719309361,0.0158410198728,0.00315937666372,0.0137399782763,0.0144654011494,0.000826090823689,0.00162993654367,0.00516979840551,0.00105138846942,0.0157272993198,0.0107970399531,0.00406631893802,0.019255092585,0.00794034649489,0.0115234833616,lamp
0.21304828603,0.0675016598781,0.0106226189188,0.00436347196573,0.00397258079302,0.0118063454089,0.00459047302886,0.00282715101388,0.00647012884771,0.0322561901711,0.0352916229467,0.036316289388,0.000547150635474,0.00702927944114,0.00232001725746,0.0111428560718,0.0182976097147,0.00190469742228,0.00187485706142,0.00187843986474,0.00627281722552,0.00416757337485,0.00283883919588,0.00154550226539,0.00815230812156,0.00357554578838,0.00557764882353,0.00342563690404,0.00730943363242,0.000397226631301,0.00402376417042,0.0451718774939,0.00153215375119,0.00173181313042,0.00358100893783,0.00836123561638,0.00416872160773,0.00362594354991,0.00760818120957,0.00399121559696,0.00762042336758,0.00183284970766,0.00534258303207,0.0106389380918,0.00121218728301,0.0085137426728,0.00284509123106,0.0230558762086,0.00220294840654,0.00148437344207,0.00115092111301,0.0163255678976,0.00162170803709,0.00411743823553,0.000751184853737,0.00518759918884,0.00218256083443,0.00947861558795,0.0112646768657,0.00884633147857,0.00404409981037,0.0114706616354,0.000818867933909,0.011110267691,0.00122856487229,0.0142238994812,0.012652845617,0.00371687193485,0.00124516718881,0.0260328107859,0.00784321121255,0.0151021282872,0.00668295327444,0.0132238945512,0.00217130078039,0.00384150138434,0.0028664752825,0.00735522961277,0.00463473258097,0.00605739009084,0.0169137544761,0.00764236229631,0.00464631896199,0.00164438240244,0.00346989097462,0.00165482724434,0.00761413640329,0.00399077478817,0.000303669671818,0.00417041467463,0.00720549894951,0.00103170673794,0.00378896083152,0.0146298093295,0.00152400309226,0.00307964559047,0.00045080726773,0.0116787651988,0.00541398024482,0.00736186746466,0.00866575896853,lamp
0.233228004164,0.0110664915008,0.0125216564818,0.00574492664538,0.00739294424408,0.00258557745566,0.0125064501874,0.0322954659866,0.0265572341395,0.00966025029089,0.00566259925611,0.0206259566979,0.0141143373404,0.00825706520701,0.0020605141967,0.00454956110283,6.32245397275e-05,0.00531638156934,0.00831564841217,0.00535410845765,0.00173562826739,0.00288804441722,0.00282645552041,0.00159126139927,0.0105402427319,0.00444098723825,0.00503991958825,0.0027387712852,0.00428943777975,0.00726667148087,0.0154635459634,0.0102358775549,0.00329753014836,0.00935567338645,0.00612122586805,0.00537230434061,0.0086233500389,0.0177246596514,0.00771653441699,0.0230254159745,0.00580270396273,0.00135284510285,0.000296088472648,0.00119345553685,0.00333428479035,0.00222146504783,0.00356428402101,0.0158615236318,0.0062194248707,0.00358670290568,0.0118723629655,0.00031656030425,0.00887276125414,0.00161408211269,0.00037438554783,0.013553350676,0.0023296127216,0.00146056568319,0.0176871151156,0.0179444002057,0.0108536427695,0.0181188587062,7.55634010592e-05,4.7473705278e-05,0.00876436538262,0.0099634488478,0.0311745082262,0.00652938729641,0.000427139145818,0.00778287199588,0.00262152079988,0.0015598844085,0.00294073674809,0.00773757037571,0.0156007410041,0.00211621015349,0.00603555230193,0.00377186179074,0.00494159924771,0.0073311242465,0.00491438676039,0.000146653443209,0.00818094203239,0.0104395665498,0.000772209762762,0.00982808699498,0.00480301773462,0.000287008950303,0.00343462038579,0.030508426008,0.0132393109117,0.0010188642555,0.0128515306212,0.000215328464416,0.0178635954951,0.000529832997777,0.00247522974219,0.0048959808167,0.0136754234439,0.000580702523131,0.0133153116952,lamp
0.0616087020556,0.032704086076,0.00776646226176,0.00353864590643,0.0124870420513,0.0134711018161,0.00295473211128,0.00852282740966,0.00980237185533,0.0066164225383,0.00601550240874,0.0179233729904,0.00541948614824,0.0163304283192,0.00809274838986,0.00349949671916,0.0403971450758,0.019561824385,0.00800688057841,0.0132454010503,0.00639466187052,0.00393788644355,0.00202133475229,0.0212887995627,0.00288862919153,0.00216089413388,0.000351997984736,0.000136178111064,0.00428443880588,0.000644272198909,0.0100530334933,0.00333608286703,0.011659899082,0.00246789494518,0.0173560710686,0.00103196347582,0.00629635677323,0.0163983057425,0.00932028934014,0.00220105272504,0.00964480717032,0.0293092263307,0.0376398235143,0.00406548456749,0.00876827258172,0.0109269056956,0.0248619760725,0.0142393792157,0.0018859677805,0.00895626607148,0.00414483788845,0.0112160259345,0.00718466553883,0.00312288513976,0.0175038423545,0.0143503347741,0.00175648424012,0.010914452059,0.0223772103179,0.00505669131963,0.00323314431097,0.00453689045497,0.0134644048686,0.00813642251483,0.00635291140148,0.00599160460134,0.0144816279284,0.00656140968881,0.0160529467676,0.0142971264067,0.00597434602019,0.0209850563386,0.0069680937472,0.000142267241085,0.00323729970588,0.00875454696524,0.0220295784009,0.0149405524355,0.0104228209731,0.0109846496659,0.00294540091317,0.00122240534778,0.00384517861515,0.013028482797,0.00165525436377,0.000137867493355,0.0118059073388,0.000401360054099,0.003760109712,0.0257269267443,0.00707618222805,0.00440594792536,0.0130257709778,0.00872541585309,0.000173684773347,0.00367831405471,0.000370715756071,0.00425434432035,0.00195125587322,0.0104698600436,0.013671653096,lamp
0.203289394123,0.00687941858136,0.00471233535971,0.00646002566804,0.00974761280402,0.00666725707726,9.89392747296e-05,0.0108617696441,0.000858502028141,0.00316503952194,0.00113964913429,0.00533814483567,0.00010864500085,0.025198192901,0.0094321708132,0.0150090180253,0.0066912795354,0.00501860429352,0.0130649529724,0.00335870378995,0.000447052175445,0.00356675128191,0.00161478092844,0.012747427755,0.00461085994722,0.0022763264875,0.00450554802688,0.00528660185319,0.00379680294598,0.0275930061536,0.0110492414894,0.00715468537238,0.00660114696259,0.00683438535294,0.00860726013369,0.0310838247729,0.00376234214184,0.00338141529006,0.00255506608989,0.00322952596236,0.00569914595734,0.0106577247945,0.0191551363996,0.00197478896511,0.000582859781946,0.00132514349506,0.0191504617471,0.0153444494957,0.000184828650557,0.00286725726366,0.00519047043173,0.00251457676832,0.0170576316286,0.00196308673966,0.00166016830305,0.00463735600869,0.00888183687995,0.0183286700003,0.00409539998381,0.00353204243136,0.0109932670893,0.00997148241962,0.00654922286028,0.00278520773813,0.00814858341163,0.0110400571481,0.0231718742181,0.00863896425639,0.0187974612185,0.0195140394671,0.00942524827799,0.000915230863086,0.0126672062938,0.0052050698663,0.00716591294794,0.00268678876223,0.00810836052136,0.00295009540102,0.015233606166,0.00144330154051,0.00380623558819,0.00177926931958,0.00507583806557,0.0135496142474,4.76287642043e-06,0.0372471521444,0.00928411605109,0.00135285755933,0.00259289823933,0.0108540522998,0.00122780087336,0.00300752858137,0.000725503182282,0.0022609553235,0.00117406182706,0.00910580385703,0.0041988237062,0.021895046503,0.0225781399708,0.0204661948806,0.00979562220341,lamp
0.185221647631,0.00276130064904,0.00388643385901,0.00594215536105,0.00250117062828,0.0182239590944,0.0183898437584,0.00773546607839,0.00513026106648,0.0086000031341,0.000870482928259,0.039060436975,0.00233892273401,0.0156743733905,0.0092890920422,0.00462216559355,0.00213718531287,0.0104637830969,0.0174818972337,0.00692731845326,0.00578835886882,0.0143948291365,0.00412160388419,0.0133292524166,0.0192125029924,0.00102398791861,0.0058675441793,0.00316158377999,0.00418683150855,0.0100774214281,0.0136717534023,0.00500545110265,0.00386095970689,0.0136411776656,0.00211328759036,0.00648625451973,0.00201669607245,0.00173429369362,0.00623597715408,0.00803662023434,0.00154788494901,0.00283950796063,0.00563766083854,0.0119027440286,0.0083383484735,0.00374283266096,0.00415186937884,0.0015345984121,0.0016828019437,0.00387547360471,0.000248886922375,0.000554731073498,0.0186578109656,0.000353723004821,0.0101954427913,0.000495457899032,0.0125943101538,0.00154917774928,0.000418765114479,0.0162163246151,0.00279547454286,0.000375603765643,0.00260616760117,0.00666110155814,0.0106709547491,0.00874258132487,0.0208185402518,0.00118552406826,0.00557832776428,0.0437505126149,0.00413606271278,0.0164737247521,0.000345748733108,0.0108817216156,5.52936641354e-05,0.000867552691443,0.00402707958651,0.00889258504058,0.00940321641529,0.00653318862793,0.00397187390722,0.0207574790799,0.00902097073247,0.0165472280879,0.00505347233185,0.0118866534443,0.00649675910546,0.00584195601112,0.00788861616382,0.00597370762781,0.00449583884004,0.00346562626826,0.00675766028015,0.00107830455405,0.00515269917954,0.0213953500191,0.0430555701592,0.0149331774377,0.000467172774528,0.014783905123,0.00841237797627,lamp
0.219945196676,0.029041774125,0.000492354999451,0.00805667814907,0.00718354549267,0.0336593458562,0.035250605517,0.00116163330145,0.00338441742697,0.0061151393983,0.00797378013621,0.00574343316029,0.0190844522563,0.0110255608424,0.00266997905351,0.00197389311617,0.000256871704468,0.0104130876278,0.0276669881544,0.00230492980263,0.0146025516988,0.0162810368508,0.0146266909176,0.00704320834346,0.0131870736862,0.00253236824578,0.0135111812075,0.00062164836321,0.00329764535722,0.0315164577686,0.0217418168679,0.0160342161367,0.0168384410298,0.00251682418119,0.00505688202326,5.95070840496e-05,0.00210380897449,0.00314091488258,0.00642645595751,0.0124408905624,0.000659903681747,0.00194469359816,0.000425093720203,0.0117103983258,0.00178891864695,0.00381598131282,0.00943881306843,0.00155553038083,0.00624417399087,0.00654182358263,0.000580165481046,0.0378534193636,0.0039853349623,0.0104399970043,0.0059339630258,0.00444486760951,0.000370899304869,0.00308169983094,0.0046522210694,0.00210686461614,0.00339596664778,0.000250467448923,0.000774592575064,0.000398928863095,0.00656019047013,0.00311889844736,0.00230746471938,0.00301772195913,0.00254005686509,0.0118197496567,0.00566209323424,0.0125388305811,0.00523367918292,0.0106028798604,0.0190644907587,0.0266544182622,0.00029342289255,0.00354432333605,0.00394480792078,0.00401692788328,0.000290675144891,0.000306205600458,0.00413111511533,0.000135029991564,0.0122513743125,0.00380377035492,0.0060539915118,0.0176394407652,0.0194378556543,0.0114824853737,0.00188678489042,0.00104567956726,0.00419377304076,0.00391797363683,0.00590176640846,0.000446067234595,0.000426917199163,0.00192220954545,0.0154044873125,0.00873881633392,0.000285619929131,lamp
