0.190275369851,0.0156673163956,0.00216995600302,0.00572533630797,0.00144157915169,0.0104062718762,0.0479129300981,0.00642167769502,0.00358228920035,0.00120383901517,0.0154460506554,0.0258928099497,0.00393877565196,0.00292897140803,0.00346136713595,0.00856078715442,0.0025259163063,0.0236960376192,0.00489342394042,0.00505619285447,0.00737664501265,0.00321907327567,0.00133422875804,0.000143124909179,0.00172606413605,0.0250811730731,7.7952851695e-05,0.0139278370407,0.0247446414158,0.00423676713477,0.000837151020094,0.00425804085405,0.000951559816424,0.00184085555035,0.00498506705063,0.00129983135604,0.0194505354661,0.0201007081873,0.0262280727325,0.0056706888007,0.00181094667694,0.000616527933669,0.00251869801658,0.0172464133327,0.00404706693496,0.022524762754,0.00144184499061,0.00436094689843,0.000333425217432,0.0118237381795,0.00525666406148,0.00129503992389,0.00452822124435,0.00376838616794,0.00417340199363,0.00320238242487,0.0218009486443,0.000974524762783,0.00325932004105,0.00653686943616,0.00306527182495,0.00526960817103,0.00805232381454,0.00556523369325,0.0156735173296,0.0025371887329,0.00243528331867,0.0326638801211,0.0216443586904,0.00566216938591,0.0105201638938,0.00164194409571,0.0205256767183,0.00499489494382,0.00183394373177,0.000618955070505,0.00327034661675,0.000827626379632,0.00869313948317,0.00871168316502,0.000498018216483,0.00342382704592,0.00160588982014,0.00078895641551,0.006610252876,0.0325073753839,0.00886027075633,0.00843781910032,0.00213241384471,0.00325171478821,0.00735503259617,0.00393061151506,0.0115893918911,0.00273305108702,0.00725934357504,0.0136686338841,0.00642431480355,5.74204974355e-05,0.0176539788855,0.00789914251083,0.0188882849786,television
0.0905660377358,0.000291850607539,0.00846805573743,0.0240612706827,0.0189813984299,0.0105422657158,0.00633800372512,0.00139135016122,0.00655957340483,0.0512438193616,0.00567809612394,0.0820481433657,0.000383052858657,0.00476110482801,0.00393992051026,0.00599039997509,0.0062476807817,0.00746437872716,0.00827408137987,0.0100722404481,0.010367705233,0.000413506276219,0.00122058968177,0.00134507381286,0.00118936255066,0.0013602519736,0.00444561351719,0.00415441386614,0.0148593611328,0.00217728006681,0.00135859434795,0.00471507053026,0.00645035763517,0.0240157309802,0.0100097184399,0.00673756304487,0.000531885217813,0.00539730922393,0.00291804443296,0.00610139344215,0.0179303574798,0.00739248918844,0.0248392360231,0.00603430154764,0.00035439526124,0.00935290241706,0.00193880588511,0.00910009890979,0.00211336519682,0.00977874356425,0.0154437456324,0.00515456093776,0.00403799389126,0.0115105816237,0.00651326661569,0.000931132715157,0.00142593936222,0.00221233067706,0.000399293184395,0.00179654311188,8.3902034619e-05,0.0066630146348,0.00444434664103,0.0079257695283,0.00160200909613,0.00786542657898,0.000732444311541,0.0034316628797,0.0247599906119,0.0113750188344,0.00480650167983,0.00716950608352,0.000865805824392,0.00349728919549,0.0306593716377,0.0136642064471,0.00816270963723,0.0139500192603,0.0200162550207,0.00620914653952,0.00280252162573,0.016465212138,0.0184564759881,0.00175958440208,0.00544066064479,0.0235095045918,0.0036832722452,0.00500800996982,0.0393199225817,3.33865470844e-05,0.00267462755478,0.00873134029834,0.000515281874098,0.0189680529532,0.00160344400471,0.00757255199135,0.00338653562786,0.0140446140895,0.00680556115799,0.0173619006114,0.022641509434,television
0.197983501375,0.000223495026261,0.00203983532523,0.00456561306548,0.00111956111447,0.00205839760513,0.0198827276832,0.00642478602653,0.00279301694,0.00165936536517,0.00234090517212,0.0414362962079,0.000224415357317,0.0131101172545,0.0173708322735,0.00531553562166,0.00176263747746,0.0520785263514,0.00226999056486,0.00346723325903,0.013114454601,0.00682292914792,0.0134182073386,0.00802809208476,8.47953568097e-05,0.00181525020901,0.0161554867485,0.000619625531629,0.00631534035659,0.00208226780156,0.00309563953644,0.00948815818082,0.0330319317743,0.0260995553443,0.00919244181296,0.00740224493427,0.00531706255534,0.00136558613271,0.00669522347309,0.0216175686596,0.00958627578167,0.0312229147165,0.00464189631839,0.00401395402674,0.0115585817514,0.00532341266446,0.00676474556907,0.00639244189412,0.00994770253073,0.00414650197475,0.0110839528805,0.0317642001964,0.0262595630252,0.00194513944081,0.000501520928554,0.00736430514705,0.00310542257466,0.0118475756597,7.18433729283e-05,0.000355546642824,0.000855060285056,0.000796303261129,0.00356461186796,0.00178424056332,0.00865337650165,0.00785424638579,0.00197874593573,0.00575113397161,0.0233725562958,0.00916738598264,0.00519535877834,0.00390014103074,0.0177872237316,0.00105786009982,0.0131967797217,0.00234335385793,0.00730834700984,0.00887985612156,0.000686169766761,0.00630516171927,0.000818721332769,0.00171568184016,0.0051264862399,0.00149347855577,0.00309316105968,0.00996529573345,0.00206035994081,0.00175424181841,0.00235663069403,0.0114435483964,0.00162324808997,0.0137933006491,0.00965774137897,0.0134490338867,0.00304028251231,0.00258294341344,0.0104176840503,0.00643722662823,0.00798166051993,0.00187888340318,0.00108632922565,television
0.230475406683,0.00166054355906,0.00210904379719,0.00137143112652,0.02071910353,0.000814933705449,0.0108420515163,0.00261865146422,0.000448776764314,0.016153646306,1.62167116751e-05,0.0395205571348,0.00320106277356,0.00161510145625,0.000577263178315,0.00173953328561,0.000286470245165,0.00336642544875,0.0119833348502,0.015996488153,0.000942962313258,0.00432975127842,0.0196207127398,0.00447725915621,0.0190845346104,0.0056333665742,0.00694017077302,0.00460655221211,0.00610733697495,0.0015928301833,0.00488172877403,0.00280429000288,0.00206486696733,0.000604875831725,0.000933336454414,0.00450400804893,0.0140826174029,0.00726983620239,0.0008845792261,0.001565555554,0.0200114405662,0.00527436262365,0.0217987541365,0.00960938350781,0.0123935737134,0.00974989207384,0.010089806181,0.0260366393924,0.00142486834707,0.00354821067633,0.00265233006973,0.00243222300304,0.0054258912685,0.00131364194479,0.0110957718341,0.00215098272052,0.00401651053191,0.00326982696523,0.0143112254185,0.00498859243507,0.000152857024152,0.000167633577551,0.0117502332107,0.00191181525057,0.0017876432219,0.0177796754121,0.00836107986592,0.00992622409281,0.0225307430985,0.0186539339533,0.0031014849095,0.0054689075347,0.00464389886858,0.000249994893258,0.000762772705976,0.011604542513,0.000309644573677,0.00315100732907,0.00550416433718,0.000373062232969,0.0106401917574,0.00087892994964,0.0119231073813,0.0237231025111,0.0074000872349,0.037639769064,0.0455874639163,0.00489783244385,0.00278048374187,0.00481028401848,0.00238625328424,0.00195033832922,0.00848877285159,0.00622813909797,0.0131017895727,0.00146084930228,0.00033962195427,0.00627357902549,0.0231083100776,0.00535317800742,0.00279545749339,television
0.151893437478,0.00598155553977,0.0124014741579,0.0042719857368,0.0130284917087,0.120125047311,0.0514850910916,0.0141559147224,0.00442927932814,0.00883465860939,0.00617101963502,0.000224275657948,0.00327735149731,0.000952557195202,0.0120381635265,0.0243825301951,0.0176472277046,0.0270307252705,0.0290061398559,0.00914392109016,0.0207668709781,0.000532997719796,0.0134986500248,0.00378248880045,0.00469799590734,0.00375792108727,0.018767601272,0.00447619011175,0.0420205072196,0.0146359148428,0.0145236255211,0.00910820673802,0.0305734671356,0.00448812822177,0.000393103881205,0.00458587637084,0.0014052358961,0.0299639691377,0.018017412112,0.00645659262274,0.00339595927976,0.00239192252622,0.000338588702898,0.00332618570871,6.26431985694e-05,0.00198072220219,0.00837248779687,0.00105903388974,0.00258077913619,0.00824404989014,0.0031818815817,0.0150295168434,0.00387612353557,0.00592132978259,0.0052876512895,0.00426471196665,0.0101918969323,0.00254893019727,0.00227635149413,0.0056637163007,0.00281392266163,0.00525840900096,5.04992686499e-05,0.00413980517442,0.00339986335735,0.00256011872896,0.000827328118518,0.000873246481748,0.00757159656064,0.00557146239052,0.00153165491095,0.00120865795035,0.00186983087762,0.000485606239806,0.00274545030506,0.00622359784711,0.0016418234665,0.00375264467535,0.00419249695327,0.00647076226147,0.00495539018673,0.00282343319477,0.00759426875232,0.00768628139138,0.00346327920373,1.55311155192e-05,0.00146600223857,0.00364431199203,0.00986243825682,0.00142157296597,0.00109296905905,0.00258820228448,0.00201223009005,0.0054047639692,0.00230752446737,0.0142557668725,0.00136631962757,0.00123973864926,0.00276696666111,7.04112151122e-05,0.00784573540693,television
0.190562819288,0.006226890547,0.00932575242691,0.0110638128892,0.00903751044634,0.00469811248085,0.0439818250433,0.0006959112545,0.00284057117727,0.0106281456246,0.000540586708543,0.0120614338871,0.0140091531796,0.0160211329522,0.00890870621873,3.30993951061e-05,0.00938061811627,0.00345729305982,0.00316267700399,0.00105414421183,0.0127038951357,0.00505954495611,0.00335996349489,0.0261618466891,0.0529362797028,0.00978762040748,0.0105936845271,0.00832141263712,0.0116861313759,0.00400080373976,0.016381521434,0.00186773128488,0.00942547672792,0.000152907913562,0.000170288378377,0.000453071518372,0.0158074570146,0.00456749692231,0.00415003501833,0.00113645599146,0.00375208923907,0.0058912723323,0.0185756618991,0.00791738896385,0.00212959131162,0.000260310848297,0.000824442299572,0.00076602728289,0.025585192618,0.0169592597168,0.0273491521283,0.00128611205947,0.00183077952762,0.0032529710603,0.0065660426055,0.0183010543755,0.00139179285476,0.00263031888218,0.00472542828211,0.00387838454239,0.00307563640811,0.000184929710376,0.0240743777842,0.00386186177025,0.00377464185582,0.00453793997682,0.00336909771878,0.00239795695427,0.00123292286596,0.00144499367444,0.00136160986973,0.00176639119698,0.00510368336834,0.000112185734499,0.00010601901008,0.00238403925721,0.00193593790528,0.00320746101747,0.0204499299943,0.013784185314,0.00155719743187,0.0137907683681,0.00809799119343,0.0159585546313,0.0118272327871,0.00861203272839,0.00011869589819,0.00375763110582,0.0129389656241,0.00808509348709,0.0176902983301,0.00784640919752,0.00822303875684,0.00947088500783,0.00720260002115,0.0011462683814,0.0219192385758,0.0139903435874,0.00660034298468,0.00852105635347,0.00419246055117,television
0.191760325016,0.00449104980317,0.00370963822314,0.00174414725152,0.0130809431327,0.0156339194338,0.0215702442913,0.0231951832781,0.0172664671181,0.0111480164027,0.00548706826779,0.0371248340201,0.00424645995582,0.00340837500712,0.0153709607576,0.00276174765109,0.00409979740764,0.0379834907388,0.0101097145741,0.00563402810847,0.0155070462291,0.00138731480246,0.0153285530615,0.000506233389602,0.00281691619763,0.0125143252478,0.00149787172969,0.0033253491239,0.00484197559659,0.00773974171172,0.00258813842565,0.00384212251187,0.000277970406097,0.00171067579015,0.00523201753549,0.00817194495189,0.00174872814686,0.00295821718315,0.0015008056576,0.0285659618676,0.00178980516475,0.00734322187764,0.00481595444864,0.0114592606211,0.00760270700758,0.00263596259656,0.0133199311749,0.00908370844373,0.0210812759341,0.000302103434107,0.015984465869,0.0222889667436,0.0217295244466,0.000949240874055,0.00315281174149,0.00122913379794,0.0215729127083,0.00396344649026,0.0145254887048,0.00186097099564,1.25578636643e-05,0.00106764339228,0.000470008153462,0.00906452564724,0.00419758160621,0.0286767558005,0.00195634734445,0.0010778370124,0.0114837012705,0.0247543847034,0.00696512902932,0.000597294667039,0.00294574861026,0.0122745091117,0.00344595423223,0.00155742810429,0.00237942454034,0.000387541970977,0.00105700926617,0.000564189860242,0.00177897743005,0.0136377808008,0.000663795928047,0.00172624579561,0.00209690058322,0.019840631222,0.00889850752411,0.00368354051244,0.00866465702759,0.0223473942824,0.0174709347542,0.0059622057795,0.0110267148257,0.00682522771234,0.00186191597281,0.000192621953885,0.00109075442202,0.00932841704527,0.0059349999793,0.00333193342781,0.000121057754233,television
0.0980406586331,0.0270594693115,0.00379669058029,0.000538620947621,0.00597895391434,0.0168389517781,0.0140699577447,0.030658985996,0.00567163489282,0.000499513349463,0.0188339435158,0.0391095669882,0.00310016239864,0.0193007992615,0.00606974315844,0.0132143885245,0.0021658051215,0.00472008185717,0.00243375215199,0.00434455951255,0.000930200527073,0.00318369037719,0.00264303258838,0.00851337592056,0.0108680009704,0.0243753931432,0.002313205864,0.0155411145004,0.0105443535081,0.0107078540249,0.00129766333298,0.0109215169199,0.0015769476701,0.0151724195491,0.00204866405788,0.00473210816022,0.0193398194622,0.00606342594558,0.000650328994352,0.00236818875016,0.0055877551746,0.000484077451959,0.00094853309035,0.00562023551858,0.0053856436333,0.0176846715043,0.000703231630393,0.0359331606011,0.0047943522679,0.00557489331848,0.0107625793395,0.00691740715853,0.00244923431365,0.00345597745217,0.00812865386196,0.00433788623443,0.0179499348627,0.00473420567531,0.0060778603892,0.00444144731433,0.00147528194924,0.00875536366441,0.000882149209635,0.00937498647212,0.0140952641922,0.0145374049459,0.00453800188302,0.000467693419609,0.00470946362847,0.0240487188785,0.00157589743969,0.025324471769,0.00195153837068,0.00873210805862,0.00973090325715,0.00598059986572,0.0044117389688,0.00082722536012,0.00920382644855,0.010965881225,0.00930047957841,0.010609807732,0.0178243126042,0.0055177867853,0.00113577255578,0.00173086852894,0.00740375875958,0.0137595956363,0.0014746619591,0.0108878495507,0.019871007348,0.00261596094982,0.00809525776387,0.0308825258823,0.00665943933532,0.0100807435964,0.003866356979,0.00185665467097,0.0335575161604,0.0175816366261,0.00149020329317,television
0.272580645161,0.00384585070162,0.0178976560448,0.000568588275192,0.00672186977664,0.00253201572906,0.00880576574057,0.00474660616503,0.016168924129,0.0154139852321,0.0122402228968,0.0477231775544,0.00712205165664,0.00922894908856,0.00885125832889,0.015518129029,0.000152868145525,0.00114440626574,0.0312423095992,0.00303694532258,0.00348522696741,0.0114319834956,0.00896053123874,0.000937847601012,0.010346862533,0.00460962039607,0.00760369895855,0.00401912184069,0.00823375585908,0.00102378660011,0.000783195053804,0.00173602195685,0.0261850535956,0.00131961483419,0.00239816443305,0.000961685963378,0.000100512266462,0.00442552306198,0.0049227682279,0.0144828922128,0.015429455397,0.00265945239282,0.00270210671021,0.000722844174739,0.00439588016294,0.000976457755817,0.0152056971479,0.0141990187656,0.000905730623892,0.0219428081121,0.00659677419355,0.00637234119804,0.000276522357254,0.00800486332183,0.00621582638035,0.00223220727438,0.0119905712756,0.00400847025809,0.00426963716555,0.0103847460226,0.00181719238742,0.00129709732302,0.0032337930447,0.00182861248183,0.00113721874483,0.00377978901542,0.00104254151062,0.00571140134081,0.0225139455574,0.0170846417473,0.000142071469524,0.00941723994367,0.00501683506675,0.00718131328454,0.00414389383778,0.00237425057167,0.00240875020188,0.000955275078977,0.00852882870479,0.00273483765577,0.00297780266749,0.027357103671,0.00442704335819,0.000646198885805,0.00283592252678,0.00122728767385,0.00603306548963,0.00640055682418,0.0201931712513,0.0163678299,0.00935063961213,0.0041147124088,0.00541095092526,0.0206673467766,0.00208750096958,0.00377242755906,0.00260034527972,0.00418739519118,0.0031617840767,0.00437827045161,0.00645161290323,television
0.234285180959,0.00557887560248,0.00311834742079,0.00161213170676,0.00555245022014,0.00534652714137,0.00909223646532,0.0100379116547,0.00632139732997,0.00283810021828,0.000706062382852,0.0407594299279,0.0114672045699,0.00523450489836,0.00189420472691,0.00142869303843,0.0125297814552,0.0196014064092,0.0065186220462,0.0115739625103,0.00673673283016,0.00222928939742,0.0178992903728,0.000516644613149,0.00312608004555,0.00203677544303,0.0168467801335,0.0295359412911,0.0462814263608,0.0017053559491,0.00145732984266,0.00102619617309,0.00401908399332,0.00742324812349,0.000740454019555,0.00502616215756,0.00741440248561,0.00424838704599,0.00373891050122,0.00626504233889,0.00166250382111,0.00599476159301,0.00328927826556,0.0354746094283,0.000320001992528,0.00173006836264,0.00254926772216,0.00152470132453,0.00553350123317,0.00467875104789,0.000530296923854,0.0119763043343,0.00131463753837,0.00107151863401,0.000730835310701,0.0128821955737,0.00259576403206,0.00638758468018,0.0022499746279,0.000725939416186,0.0054940354216,0.0100312007312,0.00194072206486,0.00746019851411,0.011877377816,0.00069054718724,0.029121382615,0.00140568458568,0.00149842167037,0.00408064394601,0.00422845155978,0.00465566479328,0.00521920819206,0.0049317449849,0.000697223173241,9.28970031672e-05,0.00868444401979,0.00429713575969,0.00537273858081,0.00744206007391,0.000988980798155,0.0140312614391,0.0124000417891,0.00389717706678,0.00248746617397,0.0325005080168,0.0179420901302,0.00195578349105,0.00378294782881,0.0230964795941,0.0107473527937,0.00906898053778,0.00947845679925,0.00176969176015,0.00394265531801,0.00431941091119,0.000676035078535,0.0161045149883,0.0281675527165,0.00451093793943,0.0119168324728,television
0.327925673441,0.000711724650593,0.00035326953875,0.0141357992417,0.00323045866392,0.0110019058261,0.0125650674625,0.0184916689944,0.00847376324079,0.00815337560377,0.0113757074861,0.0083368348476,0.00884280692909,0.0128264045021,0.00258589287705,0.000553469886545,0.0102208257569,0.00283451011365,0.00386314730818,0.010823466967,0.0119393755941,0.00860109690534,0.00152584692547,0.0078797209735,0.00195960519715,0.0104786562802,0.0212972606797,0.00372577633078,0.0155702745521,0.0012446887097,0.00796099868239,0.00222687537486,0.00410400971813,0.000693130105411,0.00446085637175,0.00657078017039,0.00595135129784,0.00781396903307,0.0102172036446,0.00295179683831,0.00998645784697,0.0143348437214,0.0184152054191,0.00129414847441,0.0226104242018,0.0103917510567,0.0224861106131,0.0024281557016,0.00924226239285,0.00848566417566,0.000762249931685,0.0193643078705,0.00134701071684,0.00403245645768,0.0120532820815,0.0103287610738,0.00085866740764,0.00524052780504,0.00173529278126,0.00678798881771,0.00746923351546,0.0023640704341,0.00655142778725,0.000289840316157,0.00395067916903,0.0114891790935,0.000944455462306,0.00767531197631,0.00329085823688,0.0019290866264,0.00240927301687,0.00448016854773,0.00358539984098,0.00408963300758,0.0002894306349,0.0016310501817,0.0113791141154,0.000975764958996,0.000635079086036,0.0140108081905,0.000145713414772,0.000883774764695,0.00380928964331,0.000364868409951,0.019997097139,0.0204901613262,6.09280571284e-05,0.00144396548267,0.00587269542717,0.00920084068608,0.00906042371406,0.000653565154499,0.000832624109435,0.00897734377317,0.0083241651729,4.88531392107e-05,0.000379457772499,0.00778129558761,0.00974190545132,0.000634623526672,0.00519192877997,television
0.104002165423,0.0213289508022,0.0161193487849,0.0060543819074,0.00623154218062,0.0123924964919,0.00715578978698,0.0324700385234,0.00971310817566,0.00346444922733,0.0173759280174,0.0155013162337,0.014738291313,0.0195397066195,0.00089831259174,0.0201578575503,0.00624755713211,0.00346270063096,0.0100667452524,0.00563743666656,0.00743608681501,0.00953838240417,0.0202526197673,0.015289877547,0.00143664165496,0.0149823213957,0.00540869692794,0.00109761793657,0.0172106002757,0.00635315156919,0.000503030532116,0.00808640867932,0.00245144577681,0.00740011712172,0.00357317310388,0.000127818445794,0.0100989494513,0.0134678258931,0.00872726762749,0.00224637612506,0.000712738149811,0.00531091257654,0.000228468020522,0.0126821544308,0.00256599974708,0.00369196608314,0.00254634878708,0.0019591538238,0.00130002783858,0.0137868097436,0.00870035961486,0.00458870595195,0.00824144148087,0.0282941667297,0.0178408574359,0.00286028272334,0.00338935798789,0.0137774843335,0.00887668826635,0.00862174233383,0.00376997636893,0.0110248900317,0.000323133982214,0.00710895042757,0.0179960640959,0.0264791558271,0.00270033649677,0.0158134213972,0.00261234145252,0.0218534416972,0.0343253047534,0.0121826318486,0.0123097439543,0.0111842738907,0.00452430100536,0.000840732623841,0.00501295440064,0.00725408063865,0.00196640503596,0.00320486883369,0.0014217500757,0.00703639383976,0.00616777934455,0.00201414063604,0.00581262319854,0.00231157639886,0.00965407335912,0.0236446800613,0.000641157918763,0.00249298649892,0.00529544668513,0.00817210172459,0.00109963297394,0.00947348811061,0.0069316431034,0.00114863883103,0.0206913774262,0.00208496250088,0.00787320717489,0.0340702811707,0.00125285178454,television
0.163564567678,0.0240418613931,0.0107872583649,0.000433283686829,0.00169245048635,0.00438540051904,0.00735610602108,0.00879079098198,0.014971075266,0.0159903080805,0.00217298759852,0.0204766437626,0.0075731952051,0.00519018626876,0.00860588380506,0.0135279443634,0.0222623156807,0.00379962481978,0.0101540860925,9.66807668923e-05,0.000772209378423,0.0169576722227,0.00327656342053,0.00341523579017,0.00329408275929,0.0138901934548,0.0122113386118,0.0108873243803,0.015675886583,0.00505512677034,0.0154970382833,0.00208641722154,0.00365801920049,0.00122511517998,0.0139365495841,0.00216761321997,0.00728230125209,0.00658822778242,0.00785888846761,0.0112991658239,0.000676864269337,0.010554189808,0.00552628679929,0.026030606207,0.00443710616256,0.0011581095623,0.00171525285416,0.0107843771562,0.00206710998378,0.00655105605198,0.00232711192935,0.0114945974863,0.0118596557258,0.0127589552879,0.0302921025668,0.00851362859715,0.00561455886361,0.000849650458948,0.00349942832829,0.0401339631519,0.00390782348504,0.00790587056846,0.00270205226921,0.00750504935717,0.0040644949486,0.00419845259531,0.000284282240517,0.0145890425834,0.0155453404594,0.0127668884305,0.00433756779315,0.000143986748777,0.0218771453825,0.00440279711567,0.0049061558486,0.00554398713082,0.00773493520567,0.00867261750922,0.0041191545967,0.00832661273759,0.0167011989369,0.000713922857098,0.00754269458681,1.98914243689e-05,0.013176595445,0.0018905142249,0.00565366459022,0.0101560597867,0.000228938927019,0.0151249702335,0.00812011788357,0.00918536238233,0.00959102842294,0.00981807290108,0.0158949894856,0.000686681657435,0.0195418044915,0.00514710695813,0.00124123553678,0.00314286670528,0.00313579407855,television
0.288674049199,0.0322682821848,0.00366751365137,0.00544683431856,0.0123575453593,0.00320799463352,0.0544138972446,0.0087883282053,0.0168829492599,0.00152963682778,0.00552216458961,0.0256435089013,0.00251784272227,0.0238769092235,0.000186105180813,0.00713590758808,0.000204260928044,0.00523277635286,0.0321024272762,0.0118398375727,0.0104343118363,0.011593153409,0.00473224574337,0.00491902198825,0.00629490928251,0.00684256845367,0.00832012921732,0.000910094929081,0.000222017543355,0.0167278908788,0.000331573354795,1.08457004035e-05,0.00436372388888,0.0090639941377,0.00772900660016,0.0033812395996,0.000266880732103,0.00188195290351,0.000851108362789,0.00609986289777,0.00391936610606,0.0108216866418,0.00480113485725,0.00820021233733,0.00340269282912,0.00318809705512,0.00974214681325,0.00686056189676,0.0258682283547,0.0086189306656,0.00280815099718,0.00322074681521,0.00685347394964,0.00270761220441,0.00793774763787,0.010770723088,0.000999747217525,0.0053919469762,0.00417870877058,0.00239823018403,0.00347087723943,0.00116312689381,0.000990790309882,0.00611107252869,0.00299248377952,0.00187131501664,0.000968705342642,0.00956882294628,0.0111465082167,0.035364885201,0.0104190853367,0.0047983690569,0.000343581225981,0.000187512145044,0.0016801828581,0.0102387362326,0.00382172253581,0.00367430784228,0.00222650977109,0.00161768278535,0.0155943783406,0.0021052531921,0.00104748409206,0.00628639173236,0.00799795382752,0.00342373946747,0.00787205904553,0.00826287447949,0.00997383243723,0.00194532659528,0.0121572847455,0.0010101733324,0.00403230200377,0.00864095161994,0.00255798126219,0.00404984359718,0.00289978843055,0.00765248237258,0.000127311406403,0.000444029886106,9.68327930063e-05,television
0.071338707777,0.012893017694,0.00463831348598,0.00645364190538,0.000480354338581,0.00874223442224,0.0283494603582,0.0022230024464,0.0302138229631,0.00724887853235,0.0065678624755,0.00856024129549,0.0224181759801,0.00959899162098,0.0015083921388,0.0161218749341,0.0393639766942,0.00664252675752,0.00745044778941,9.97924033006e-06,0.0342872036556,0.0194441616451,0.0203907997502,0.00530501390434,0.0046328838271,0.00270664525781,0.00801118798109,0.0127320921798,0.0281807300779,0.02338654185,0.00395649236074,0.00193419636108,0.019811471028,0.017667728348,0.0157735458579,0.0169869944422,0.00543235844047,0.00163267631433,0.000859475869813,0.0154667352506,0.000444364687919,0.00259961631078,0.00606515226136,0.0148745275931,0.00100371419162,0.00100086283959,0.00693297430779,0.000784190895721,0.00905193469617,0.00830507434744,0.000931215483263,0.00549447047305,0.00433738779868,0.00745689194288,0.00253175486023,0.0022315420903,0.0618141278242,0.0153629458591,0.000852853261235,0.00682495897889,0.00117500229889,0.00524882182837,0.00612679228326,0.00697260831403,0.000125731992426,0.0178191152085,0.0142856040965,0.00850997585179,0.0172966120734,0.0016965823017,0.00179490643132,0.0145739145391,0.000290944304221,0.0104004326147,0.000225205510703,0.014876223418,0.0005605197305,0.000224475578719,0.0211591840547,0.00164012679532,0.00369099223367,0.00151889056644,0.00266118657966,0.000675282394249,0.00644635790838,0.0105390904967,0.00619294931114,0.00929399234144,0.00694397433039,0.00387239178829,0.0082434969547,0.00656882531922,0.00428571772257,0.00167643625106,0.0435645898718,0.004719572088,0.00112825180569,0.0153320430459,0.00337263077886,0.00585212904268,9.5021988088e-05,television
0.392722166433,0.00506026203601,0.0042992793792,7.28353173174e-05,0.0215326316605,0.00509154590972,0.00196296558569,0.00881455358135,0.00244525381788,0.00746711551575,0.0151157109698,0.00394314654764,0.000617321407148,2.59311422619e-05,0.00846772911884,0.0034895423903,0.0252344932878,0.0121295907913,0.045409270134,0.00427217123979,0.0078058319983,0.00328540544841,0.00855308766359,0.00403054833504,0.0150537808079,0.00192220750895,0.000747993607017,0.0148146493912,0.00625304681879,0.00225655761207,0.000237361941012,0.000138173251629,0.000311313741521,0.000988174857449,0.00240921750438,0.00149974249574,0.00363530398522,0.000624660985929,0.0039186532016,0.000147808773741,0.00102311353714,0.00576992742611,0.00452062080951,0.0257618989626,0.00500685815381,0.00570440297563,0.00842322262533,0.00608949500738,0.00307919352839,0.00243376008486,0.000154173732963,0.00305758467071,0.00161068725814,0.0108143961833,0.0144427136848,0.00223293819079,0.00588461594049,0.00143532099695,0.00318835049875,0.000507491121582,0.00237380123488,0.0130101720822,0.00331499279693,0.00617870625466,0.00202650163846,0.00367877822226,0.00204210477756,0.00684863281566,0.0138517842578,0.00205240653966,0.00270646853004,0.00202789536211,0.0144448588994,0.00277599269439,0.00326126447695,0.0010029265597,0.00400307143105,0.00153677344836,0.00854015804887,0.0156411740145,0.00157283877734,0.000801613864878,0.000383961443019,0.0227917307784,0.0114199255459,0.00398658687309,0.0132014076398,0.00861754898761,0.000847510440998,0.00642150828918,0.00018296134051,0.000293987701509,0.0155315281639,0.0120121160841,0.000861616291564,0.00160104681923,0.0170931055093,0.00792347266795,0.000432733190757,0.00171889469668,0.00303763922513,television
0.171187051122,0.00833048724471,0.025000437432,0.00258579671367,0.00540652930988,0.00910457498231,0.0446222582206,0.00175196106329,0.00637544984611,0.00958608610587,0.00280274515988,0.0284226716926,0.000624553183205,0.00186246622829,0.00567880070005,0.0280145605816,0.00293248807572,0.0284023563035,0.0056237851603,0.00114930193692,0.00545605404363,0.000143517595474,0.017604975116,0.000183373283338,0.00351909978399,0.00621714944201,0.000382435909328,0.00275740295508,0.0377474107904,0.00655939422515,0.00346056822448,0.000505863483456,0.019637688425,0.00854652024024,0.00024600071445,0.0177556961529,0.0104406711175,0.0120403784649,0.00733426310166,0.0198311221918,0.0435096947036,0.00630724721588,0.0170233474186,0.00687286641904,0.0021615743765,0.0032025923992,0.0190596838363,0.0106418349454,0.00554960388556,0.0310515199914,0.00971589584966,0.0180831749274,0.00563102743421,0.00306829212355,0.00528443443269,0.00583663645702,0.0176014645132,0.0027057874719,0.00514853501226,0.00735721196241,0.0160392532592,0.00296368310076,0.0045101985097,0.00389501097452,0.00788533640415,0.0123630087266,0.0100157051849,0.000738869347546,0.00284460630564,0.00886541281759,0.00551770749288,0.00287253814955,0.000407926637763,0.014086410529,0.000222017959653,0.000248815262127,0.00920447320389,0.000844466859205,0.015663385381,0.0057567340744,0.000163108838665,0.00154871286812,1.01409154832e-05,0.0020919536285,0.0114781292104,0.000806044622778,0.00372024360891,0.00763122935603,0.00678698775152,0.00219093002723,0.0067440103721,0.000330260270487,0.00899292057909,0.000463183311089,0.00539158541067,0.00403381156644,0.00103972298694,0.00292158893335,0.00219940280527,0.0015041298709,0.00935997118705,television
0.232858679746,0.0161184238359,0.00625559260434,9.9103907569e-06,0.0140322264861,0.00742734827931,0.0577805666972,0.000646508078485,0.0113323293727,0.000985949700264,0.00368703265583,0.0151791375649,0.0236142919224,0.00196404705905,0.0038934318961,0.00197060318687,0.00431353184717,0.0322351801207,0.0104388248352,0.0030751554767,0.0199793985714,0.00704248092928,0.00220357404762,0.0173220603205,0.00127828720473,0.00209287205378,0.00676635398769,0.00228914253965,0.0146591435015,0.00714140772772,0.00530053015863,0.0114747282144,0.000108239149954,0.00990313270311,0.000175076565133,0.00552528718923,0.0132638548314,0.00361386431295,0.0048187002563,0.0136859458591,0.0296927714736,0.00690018732001,0.00530575134969,0.00547903447783,0.0261134379824,0.0131107654789,0.00145135162044,0.00315696328623,0.0020925821717,0.00158544708682,6.68212464835e-06,0.00846681908529,0.00797232753291,0.00645806142375,0.00164046109218,0.00200455559637,0.0032046619231,0.00709207089655,0.00441815145318,0.0156917205811,0.0112161003495,0.0161281487854,0.00328390671402,0.00264169014188,0.00501337538657,0.011678210109,0.00155044142224,0.010190956831,0.00769184553675,0.0106289587681,0.00406266240509,0.011660025569,0.00176400495474,0.0294744371827,0.00186665652182,0.00142192551125,0.00403939406229,0.00438240231297,0.006509437313,0.00166006228673,0.0088864751837,0.0234250426808,0.00173955281532,0.00446085003663,0.00477845636977,0.000695466356364,4.0078508284e-05,0.0106805338756,0.0076488504703,0.000769812906989,0.00134307127301,0.00228245192473,0.00496523633757,0.00151015506013,0.00134817072709,0.00599307475659,0.00752991862596,0.0028801705078,0.0014316024796,0.0053500432252,0.00706968787796,television
0.152856411798,0.00915451480279,0.00728363440804,0.00186302283312,0.0180748963967,0.0102346510449,0.0213655633686,0.0776376974091,0.00521815848503,0.0131517375968,0.00216052687391,0.0191637598002,0.00600287002448,0.00332330758285,0.00325704108244,0.00571458435697,0.0060207414709,0.0480044963986,0.030150486398,0.0197265460546,0.0125692512383,0.00433508866602,0.00937166069473,0.00451563657311,0.00320871343582,0.0187510754946,0.0097300013781,0.00623385242411,0.00172889278969,0.00795553611042,0.00263465247558,0.00123403310496,0.0141799423005,0.00409539386175,0.0117783224312,0.0134503644512,0.00301612157245,0.00106474150307,0.0121781701677,0.010748750031,0.0291754287729,0.00841034653833,0.00449822202748,0.00120350432291,0.00181741473942,0.000848671479453,0.00190456196235,0.00516131437002,0.00113991141947,0.012790468612,0.0141094477252,0.00571741048044,0.00182795420778,0.023630841635,9.8906739131e-05,0.00186698686616,0.00420688128091,0.00237249105574,0.00487617458554,0.00554773291145,0.00885485260461,0.0128117582612,0.00454565032579,0.0127724323751,0.00659767255849,0.0212066490424,0.003933846267,0.0119493515188,0.00820681042657,0.011885372533,0.000838634684537,8.15776413925e-05,0.00302563649622,0.0202946879867,0.0059315195646,0.00205975068383,0.0129798884007,0.00172295461237,0.00183833295859,0.00405957790436,0.00947730985712,0.00932467188135,0.00246046479975,0.000120897050442,0.00123932066444,0.00339962496537,0.000414461107788,0.00187350693687,0.00325863625265,0.00461124976635,0.00937727370123,0.00292486592048,0.00501209270831,0.00301461526134,0.0039328173867,0.00117837762961,0.0203199484919,0.00172420204859,0.010845340603,0.00391926890412,0.00162457659472,television
0.23005559732,0.0213765191521,0.00901820797298,0.0357529943677,0.0489032077707,0.0132545509647,0.0361219179451,0.00714674616435,0.000803999923841,0.0111055718923,0.00112743484299,0.000469734382983,0.00651121257377,0.0055371619051,0.00324798765704,0.00076484837776,0.00647362872739,0.0122187251807,0.0279343492886,0.00268215859281,0.0135940313322,0.0113141884282,0.0117412095203,0.000959136681986,0.0204659012843,0.00723615680371,0.00528640389677,0.00199347187489,0.042851653496,0.0139620973328,0.00761012436564,0.00401073358687,0.00396622190782,0.00489560838411,0.00166088308079,0.00506160426836,0.00320513437728,0.0125495920815,0.0088293087849,0.0221750889149,0.0101931173695,0.000663076031977,0.000321500020523,0.00534908750499,0.000517884615844,0.00278091177045,0.00571596450824,0.000241673499463,0.00203774098736,0.00610255601349,0.00440317557353,0.00860248544097,0.00105979435216,0.00196910680838,0.000201350069558,0.0014686061361,0.00602941264009,0.00702966242123,0.00166290595156,0.00685037905964,0.00658374791423,0.00546079414319,0.00508296721678,0.00137978751522,0.0154725215809,0.00876057701009,0.00562387887165,0.0247587499288,0.0121598410748,0.000412154646266,0.0125584662394,0.00453391454095,0.00693317090733,0.0151633675749,0.00289151008682,0.000611904725088,0.000851130285404,0.000927244814378,0.0098777038672,0.00401684134674,0.0060275866429,0.00770598021764,0.00837705534104,0.00737660593129,0.0118395401161,0.00712383894828,0.000989797716436,0.00650159504249,0.000892162854918,0.0154375829238,0.0061474065506,0.00141229121036,0.00268821461846,0.00194020591084,0.00148702776602,0.000438426038156,0.00373702614832,0.00320408070064,0.00134771041815,0.000472591602522,0.00371750282943,television
0.180478884022,0.00278832518408,0.0186913556946,0.00833633274583,0.00817287472664,0.0185719984137,0.0519746075721,0.00364396443788,0.00312627451117,0.00357107781436,0.0418560995977,0.0697740327921,0.0062197639701,6.38412285914e-05,0.00683328717979,0.00870945305015,0.0132204598854,0.00849063168216,0.000762787425077,0.00513905542614,0.00618000784647,0.00304577362931,0.0130526119572,0.00986149012622,0.00457528468997,0.00345923371926,0.000788711477823,0.00525032233688,0.0458224433008,0.00457102419747,0.0126368925314,0.0108981349017,0.000893152956765,0.00107133619723,0.00226682597279,0.00479663702146,0.00313829095984,0.00421611883478,0.00165833989659,0.0257395122041,0.00871930856559,0.0017609861606,0.00956832024361,0.00111711017911,0.00185146132102,0.000978768581265,0.00385678287924,0.00333172150296,0.0113297985269,0.00975889648332,0.0063369200017,0.0190251012784,0.00224755948701,0.0046083175017,0.00292689258314,0.00752906067466,0.00241631119102,0.00326616044108,0.00623599771707,0.000464853415705,0.00359330904206,0.00122265212651,0.020693025331,0.0016005366427,0.00173075466924,0.00867860366118,0.0131774679885,0.00753457791948,0.00617882669098,0.000643943998927,0.00921510313023,0.00185042662469,0.00151299794335,0.0120975405878,0.01053046369,0.00077672085906,0.00162927556353,0.00628879557053,0.0115693701481,0.00867052030434,0.00451592300843,0.00377024382357,0.00180004279634,0.0176943903521,0.001157077022,0.000712146122184,0.0172951157312,0.0149156512357,0.00107605300472,0.00109949877734,0.000213990395467,0.0191209904135,0.00764230872566,0.00622242514411,0.000671316611705,0.0254879690595,0.00241466390789,0.00102778456622,0.00736487554746,0.000570002771561,0.00435503763875,television
0.144795242622,0.00120087270822,0.0378814880437,0.000848027300479,0.0207986054353,0.0101357063178,0.0248934544549,0.015362707913,0.00528522848845,0.00660609632764,0.0143027366556,0.0163800346151,0.0183696197176,0.0056774119602,0.0074342033133,0.00335163928154,0.020971233936,0.00387433781928,0.00607382003899,0.0303386819292,0.00277697793105,0.000345030009289,0.00324024768859,0.00186433439052,0.0238451634385,0.0208142189107,0.00279859646562,0.00434847000158,0.0401131541734,0.0049115057796,0.000243251832819,0.0164955709387,0.00551512158806,0.00691090875061,0.0169392185707,0.00234153083578,0.00382057949435,0.0147468979974,0.000648140704479,0.0325944886808,0.000996385468938,0.00906363719112,0.00939854497693,0.00319654233101,0.00557666210063,0.0193958970913,0.00356615119557,0.00667324039904,0.00617656418356,0.00814093680415,0.0126711548583,0.0018428171822,0.00164253785557,0.000367545961211,0.0114284112448,0.0129213799362,0.0121157767203,0.00307457055359,0.00869417558914,0.000826735874398,0.000730567415655,0.0103266524131,0.0116394479724,0.00253220406673,0.00778923029605,0.00436654987502,0.00634675388794,0.00592404099935,0.0100355761036,0.0108057534339,0.00395067775755,0.00599802335744,0.00507708872,0.00771250091392,0.00353571424634,0.00160579098744,0.00156811069072,0.00516235894923,0.00200212279562,0.00349733280112,0.00105786561318,0.00467771806469,0.0070123795885,0.00152771628596,0.00850132203223,0.0128047789814,0.00911049622742,0.00321395972889,0.0255913413469,0.00649736730515,0.000922487386877,0.00823772706268,0.00405021440087,0.00437058737359,0.00303431340166,0.00205252640069,0.00132406881904,0.00037121560174,0.0243663112036,0.0217322664761,0.0012726144371,television
0.290058175195,0.00378119047524,0.0116130241287,0.0265480735225,0.0369316904208,0.0256645622953,0.0248923084425,0.00845835292486,0.00929814390069,0.000349269324703,0.000114845860632,0.00193610272473,0.000575058215657,0.0101345750043,0.00844052734983,0.0015331758455,0.0148997337981,0.0327184808561,0.00354489889415,0.00337196468618,0.00301240176837,0.00015942659232,0.00111316085975,0.00416819518281,0.000710616204916,0.00092689726292,0.000286496351537,0.00470097338754,0.0403415983583,0.00770766360983,0.0032906389423,0.0127264898996,0.00114770853199,0.00284726151505,0.00189847218347,0.00221431514897,0.00778605787083,0.0140692831545,0.0025350791177,0.00412377948043,0.0238806758491,0.00426746164414,0.00540478516594,7.78509149833e-05,0.00322111976994,0.00468547664899,0.00645247395706,0.0135071104426,0.00193719061262,0.00667304886011,0.00910110340811,0.022659837093,0.00480801535068,0.00502106701869,0.00600799661439,0.00369684028123,0.000576298110022,0.0126815436221,0.00860716895804,0.00022856773257,0.0116707943359,0.00156163162074,0.00569916089506,0.00471210359366,0.0059058871876,0.00746247282944,0.000143934662674,0.0124053376323,7.08313674799e-05,0.0151294629415,0.000745763010546,0.00329391529662,0.00523114014411,0.00315594538395,0.000950664840857,0.00498355382717,0.00118251094661,0.00205867676375,0.00194238826756,0.00367911595114,0.00186757858531,0.00266787649071,0.00973168005834,0.00745166919965,4.54424052705e-05,0.00795527016444,0.000973466055303,0.00115086409194,0.00203418994004,0.00151362295937,0.00245309271276,0.0199929020149,0.000323563937558,0.0103195112572,0.00189785666235,0.000911262806096,0.0202754599261,0.0114530703113,0.017684293099,0.00822938136572,0.00495635311538,television
0.167837026039,0.0236405667297,0.000565949285388,0.0129131049082,0.0224921963769,0.00859719808588,0.0439011647565,0.00466462585349,0.00745393306793,0.00328202832018,0.00465427049795,0.0350861480636,0.00976236863302,0.0182861014706,0.0274878713547,0.00186417082971,0.000390823311833,0.00804264232555,0.0141303205166,0.00272671930802,0.000307907208391,0.00879162850233,0.000849262132026,0.00957180529919,0.00449332444878,0.00713953738713,0.0103891833192,0.00853150286244,0.0477043026689,0.00413760091919,0.000851501844036,0.0142427626165,0.00199346672555,0.0116511860804,0.0139892707822,0.00197499464392,0.000719846869422,0.00470243398323,0.00351856680033,0.0436340173111,0.00262578713614,0.00197063943815,0.00432086516332,0.00681491367718,0.00818593997514,0.00638731369542,0.0106886553092,0.00223444990526,0.00247657524791,0.00713265472379,0.0131656915564,0.00735763215256,0.0090046760592,0.00532650476801,0.000998056825321,0.00488412123705,0.00076307123367,0.0132745180582,0.00628335556984,0.0121978717483,0.00199081027753,0.00212144533988,0.00217715401342,0.00422701640498,0.00427168163855,0.00116743284568,0.00486210831065,0.0151729223975,0.00208451032912,0.0064736837703,0.00675104045143,0.00877376359136,0.00184415916673,0.000659393541729,0.00483349695457,0.00668682260225,0.00144282267603,0.000746833708965,0.00843085250465,0.00318843559835,7.47802213879e-05,0.00121526078885,0.018923671291,0.00618301228579,0.000143577125039,0.0107206681857,0.00765662364652,0.00874908244331,0.00490555146112,0.0172749154305,0.00614654912348,0.00595502346435,0.00471158974741,0.00520601612782,0.0225595181743,0.0222977260479,0.000149896040365,0.00149108705221,0.00927511144952,0.0140251251965,0.00136220295462,television
0.117048158054,6.84576219848e-05,0.0157568452178,0.0100323595163,0.00458053786732,0.0252074343724,0.00980599958167,0.0123535629265,0.00888076101456,0.00398645880282,0.00818955405163,0.0049285535514,0.0238077649793,0.00130601533305,0.0230592295794,0.00733793671043,0.0221065010073,0.0579470944004,0.0201337830727,0.0010139250575,0.00721330803414,0.00194352525843,0.00168080825132,0.00293919129088,0.00598213571488,0.00295234986649,0.00835447654122,0.0296013654339,0.00776997086435,0.014509963528,0.00782728598303,0.00345050264731,0.00297734367095,0.000222920550165,0.000657396927482,0.0190093960374,0.00819180616804,0.0139764522953,0.00165978476067,0.0147717839026,9.23602701273e-05,0.00785511025735,0.00175849793129,0.00261349925319,0.0152150200514,0.000968650663318,0.00917520276701,0.0068175010522,0.0153134402888,8.93795657697e-05,0.0166979445274,0.0270493461683,0.0128355562262,0.0488182533068,0.00247287337897,0.00377852602335,0.00680840472621,0.00376338245268,0.00902252301738,0.00471787205295,0.0104266665495,0.00918585610166,0.0185934318159,0.000386006257135,0.00272585304676,0.00280139927793,0.00323171375017,0.0135576970396,0.000831365652059,0.000291597193957,0.02758622675,0.00258718121375,0.00310469419936,0.00137358411581,0.00793702799805,0.00796781031556,0.0133127958492,0.00521643245563,0.00117997135638,0.00156087140388,0.00320659204468,0.0108670849562,0.00997050964568,0.00871158297564,0.00259956016028,0.000219657301706,0.00148866503857,0.00224281300992,0.00352955442436,0.0101072764918,0.00131883707659,0.0160566934393,0.00034847753034,0.00573876512151,0.00454263873578,0.0139854091711,0.00398912994361,0.0145740830105,0.00253385565975,0.00290283347116,0.018101754023,television
0.11348355474,0.0113820400532,0.00277729665976,0.0421413245839,0.00467556346199,0.0136425168256,0.0140598015934,0.00442772044711,0.0335856296443,0.0277418728551,0.0043758933592,0.00270025314325,0.000533880764085,0.00782582865405,0.0108946511231,0.00294304404021,0.00507779510237,0.02117915303,0.0199121770051,0.012201862922,0.00255199708654,0.00936781674531,0.0133696527394,0.0151761069437,0.0247737893016,7.2137830488e-05,0.00159494111131,0.00701918606541,0.0456052528485,0.00582226990946,0.0130615439501,0.00141626819775,0.00341686541443,0.00250070214889,0.0323620334298,0.00466000286834,0.000709794799136,0.015015049294,5.41491122364e-05,0.0413985830589,0.00644899974079,0.00674362522839,0.00196900227644,0.00218404692334,0.00741306967266,0.0102882335606,0.00631598370283,0.0112300933041,0.00058801861598,0.00820887738433,0.00188787086271,0.0168475746203,0.0033947868916,0.00928848584961,0.00692256964026,0.0208160249051,0.000643401193401,0.00843703099507,0.00395879991416,0.00197157670815,0.000437420444676,0.00558991452682,0.012390606369,0.000284587572616,0.000489143794023,0.00936683466685,0.00380988953791,0.00110173133512,0.000772467747677,0.00721043805814,0.00421387653171,0.00297162826049,0.0032519678438,0.00218994397019,0.000408563149663,0.00736157019037,0.0111863957834,0.0130176126919,0.00703590347839,0.00100490029169,0.00656518527056,0.00705333133607,0.014461905412,0.00321333134705,0.00430929099006,0.0015320901902,0.0011824207124,0.00297204082485,0.0133031350685,0.00437253589851,0.00862389962696,0.0280801513955,0.00157338899922,0.0179878935589,0.000440782309128,0.000710239381571,0.00554001518,0.00632006954573,0.00763904877244,0.0292254441783,0.00973032890521,television
0.254658913629,0.0289954032153,0.0040581578979,0.00551437900103,0.0156358472499,0.00611838905413,0.0555884750104,0.000249010740581,0.007293351286,0.00537081476649,0.00647050868929,0.0466867219194,0.00592985511779,0.00258733703066,0.0184231047173,0.00343808271349,0.0110842258819,0.0228624090761,0.00211347335003,0.000144634672958,0.00274700439038,0.000665588229063,0.0150345987363,0.00352915780322,0.0161967980918,0.00450544200185,0.00580216890538,0.00465471555845,0.0377921249146,0.0146045173339,0.0141627630005,0.00495061176003,0.00482342454417,0.0052853292828,0.0140539169024,0.000706206199295,0.000287246841391,0.00142655008246,0.000993382921503,0.00139203644643,0.00374934635045,0.00213206484451,0.00149471636522,0.00770819679979,0.00123347104002,0.0183776516164,0.0133178176065,0.000515724382405,0.000304435369913,0.00120785181804,0.0122677634378,0.0126686262171,0.00643279614226,0.000468475487807,0.0184209405105,0.000568538901202,0.0179265836513,0.00231150686025,0.00841599688874,0.00178455814902,0.00575179010685,1.40556822962e-05,0.00469841523021,0.000916260517427,0.000405719310627,0.000430698342592,0.000574056322433,0.00512014077553,6.37412445485e-05,0.000806703470481,0.01565005144,0.00467251839148,0.00183701391127,0.030335284705,0.000302629592473,0.000614399155436,0.00361039318974,0.00191272055005,0.000236967377988,0.00106674281328,0.0140956401763,0.00995047852157,0.00284088823558,0.0079116857668,0.0155455198478,0.00254967515616,0.00140052198011,0.000347285400805,0.00820631195343,0.0122563605158,0.00417193144403,0.00342649162628,0.00210891364476,0.00974775800601,0.0136590698418,0.000770621865811,0.000635793636752,0.015300507714,0.00287080088402,0.00413202757676,0.000907672670543,television
0.0970878682187,0.0428634404607,0.0126004645081,0.000880952499905,6.95012619849e-05,0.00768869504215,0.0409160389811,0.0213385089776,0.00049337955133,0.00714819892775,0.00403976275146,0.00875751140827,0.0119295718964,0.0462881052979,0.00972714013141,0.00140502704017,0.000375925450778,0.00741064753263,0.0111957450811,0.00520259180848,0.00136609111934,0.0030848177927,0.00953030824252,0.00627013179405,0.00211464364691,0.00435467207066,0.00255576223917,0.0199436467108,0.0275070118959,0.0195378666196,0.016162009686,0.00114570908038,0.00307877580405,0.0052089656338,0.000148897515628,0.00212660401907,0.0046541359112,0.000102535728896,0.00176860295452,0.00734693394573,0.0221243884237,0.00867225259104,0.00485685670107,0.000504622357429,0.0123488120815,0.00346033174767,0.00650125388896,0.000714557250499,0.0126813736991,0.0259136538416,0.0314073202505,0.00433575253697,0.00777143392454,0.0106431955406,0.00841908391874,0.00471896781872,0.0173222348902,0.0139868196469,0.0248231522567,0.00923483974627,0.0127827511717,0.00406092255575,0.00573122214974,0.00123376707636,0.00127716119963,0.00326059551358,0.00125888756803,0.00809259303419,0.0015972927543,0.000444283212659,0.0131580389299,0.000107936158812,0.0159570177795,5.61487178222e-05,0.000835989110216,0.00127628981529,0.00370239296287,0.000336720393211,0.00717931119136,0.0214657144734,0.0114218569013,0.00506768551714,0.00206565607579,0.00667769947609,0.00812708800773,0.000960058376792,0.001541860061,0.0149950089639,0.00100417728021,0.00140929951912,0.0496170344535,0.00767950093668,0.00156745779496,0.000240987959173,0.0134571355741,0.00646754663842,0.00164774167698,0.000335870922834,0.0037314442221,0.00508571588762,0.0472160356347,television
0.180797799368,0.0317686741301,0.00026904169309,0.0137074625529,0.0141857138646,0.00542312840745,0.0398323673964,0.00912744551235,0.00426873785217,0.00834885311797,0.00840717499851,0.0549186530687,0.0090186203834,0.000883436485414,0.0100596078862,0.00453665934213,0.00179642430298,0.0644060248585,0.00871030385105,0.000374933521962,0.00735657319668,0.0127202761224,0.00374033843824,0.000293002602817,0.02182534865,0.000971934574935,0.00033765808501,0.00461066452719,0.0785657494879,0.00873842248179,0.00137214693598,0.0184621884303,0.00444511494541,0.00464733412852,0.0174358045025,0.00463928599503,0.0112000107594,0.00243551294191,0.0105614623108,0.0106156238306,0.00142972841083,0.00446432623351,0.00164694413805,0.00821628341337,0.00208604360337,0.000792246515842,0.00311842519537,0.0147626868064,0.000263867667018,0.00928990470485,0.00741380096769,0.00427446229082,0.00193425511642,0.00286630408501,0.00151684163609,0.00660550789935,0.00247337008467,0.00491853447365,0.000937442852769,0.000679749753459,0.000530897023559,0.00547533704601,0.00776233558779,0.00544098571254,0.0105811911252,4.97222739315e-05,0.00618236275702,0.00574998534048,0.00754019253893,0.00434782732678,0.0065481776341,0.00183093413414,0.00163473754048,0.00991751743165,0.00406539477402,0.00236129349856,0.00911926478313,0.00608620717228,0.0110308568122,0.0109559224559,0.0214046382232,0.00158208729607,0.00170003730188,0.000859436498686,0.00770575436017,0.00691309271821,0.000455504593383,0.00377806003641,0.00139200480019,0.00677845432575,0.000486004566368,0.00334089892542,0.00423628869202,0.0113027877941,0.00677423807843,0.00240778735024,0.00996647381983,0.00248942597895,0.00270075302369,0.00718795528798,0.00382093197057,television
0.270754191595,0.0117548720652,0.00157261640219,0.00167924903903,0.00549835914425,0.0496969122232,0.0383600735895,0.0148296254731,0.000242018519424,0.00196818864554,8.24417971243e-05,0.0196045644811,0.00458209855731,0.000478250753484,0.00303759268357,0.00839901867402,0.00106378515581,0.0518332042906,0.0229930263531,0.0117972802297,0.00700796129045,0.00595125582196,0.00551570075708,0.00912323321872,0.00377216023691,0.00260465628013,0.00245067358256,0.000524141775227,0.0391632613405,0.0098317024706,0.00458199709822,0.0102652641916,0.00032011393618,2.27296273478e-05,0.00306580992752,0.0187853003121,0.0114098541181,0.00404699373842,0.00214760838623,0.0125855914185,0.00634761908152,0.000532520373067,0.0228266438451,0.00622696001254,0.00179638057442,0.00995196286193,0.00272919480962,0.00443171954099,0.0214536781783,0.0013125071335,0.00362457492914,0.00860245925355,0.00820599943392,0.00201385646391,0.000191957574811,6.2439372346e-05,0.000170308414896,0.00608669614366,0.00180658824823,0.00247903009068,0.00211725610627,0.00593987367926,0.0122237782028,0.0124415226307,0.0107985063532,0.00603869059703,0.00677110566775,0.00288494351886,0.00226002662235,0.0132997003899,0.00512731848578,0.00484009841389,0.00058720777635,0.00259698269158,0.00591436685126,0.00026389143203,0.00398029265176,0.00324976866603,5.3957772688e-05,0.00178092478958,0.0164420902369,0.000384757035882,0.000868490177296,0.0115579734359,0.00652606781882,0.0155434964152,0.00608965951744,0.00186123417492,0.00462074948676,0.0049357658231,0.00162643145145,0.00106897376262,0.000114000380175,0.00828335526901,0.00745162635976,0.00541783534336,0.0028620128905,0.000679485154016,0.00619278854667,0.00130709215367,0.00873942573044,television
0.308657095056,0.0293417508729,0.0113215285822,0.00621532331782,0.0198964972318,0.00829458622127,0.026558621037,0.0102350344351,0.00555574764195,0.00531882908165,0.00748108001819,0.00954326873222,0.00103953131786,0.00667598003093,0.0150096834186,0.00113383700333,0.00248335352364,0.0146801033255,0.00246110428464,0.00452830728755,0.00130815655174,0.00416595982691,0.000159908288574,0.0140705811044,0.00033882099545,0.0063292086279,0.00284648935968,0.000892378487407,0.0519682094475,0.00301828874061,0.00735393164985,0.0036300144211,0.00193098907627,0.000953518710562,0.00159024917764,0.00497142728106,0.00502717866553,0.00629663689384,0.000182361029224,0.00564273087173,0.00739764516756,0.00725726661143,0.00256380595029,0.0062792205351,0.0087802816858,0.00363226279033,0.00393006356381,0.0056889811449,0.000231700427665,0.0114611042767,0.000747212532759,0.0158083058458,0.0102095297155,0.00275182178639,0.00896695794347,0.00808541274405,0.00656113308295,0.00626604125921,0.00492116880294,0.00016564503801,0.00162601949154,0.0130026549661,0.00268290428603,0.00868205673232,0.000745325887279,0.00341243603071,0.00065316830005,0.0024613445211,0.000728026557134,0.00159790311061,0.00248614876284,0.00384098443321,0.001773257099,0.00484470882283,0.00331390369438,0.0116695010636,0.0110686391346,0.0132206650291,0.0113290164285,0.0104382855042,0.00352623756745,0.0042528891479,0.0129187967575,0.0178510283649,0.00800270947049,0.00369539131963,0.0154071456882,0.00183678209226,5.81030166673e-05,0.00937926831658,0.00341854352716,0.0140419472639,0.0023595599211,0.00915724067688,0.00863187493283,0.0230962468837,0.00528940266082,0.000342973366461,0.00152806301633,0.00399487230522,0.000820111316443,television
0.174916048103,0.00423905102448,0.000652363608363,0.00657863729722,0.00741177886905,0.0281437065992,0.0141708801968,0.00262021626041,0.00293707329378,0.0314661918963,0.00992607030398,0.0582147089433,0.0179271803752,0.0020016772756,0.00897692024977,0.0397484326747,0.00128408587676,0.0224573808784,0.00048449464711,0.0139333754418,0.00557803378899,0.00481522498802,0.00288640254362,0.00363539986755,0.0044913150727,0.00888018705115,0.00142190034952,0.00511908466758,0.0399359636687,0.0146270665992,0.00334129441456,0.00210716233392,0.0154155799818,0.00376200684151,0.00286330039748,0.00027653793534,0.00478665392351,0.000436199333195,0.0217874831007,0.00576243901853,0.0164490348234,0.00884474123253,0.0148494778697,0.00193162253525,0.0127466822884,0.000968870377008,0.0043108423258,0.00147581718217,0.00152871873335,0.00727551960732,0.00283316621466,0.0323880240574,0.00282000080802,3.85465748631e-05,0.0053228172485,0.000598897952608,0.00690367911017,0.00677730742812,0.00110449982053,0.00305998221272,0.0108523113728,9.77944840013e-05,0.00560070452752,0.000982277274302,0.0030978222813,0.0057428690517,0.00047194294153,0.0232296066935,0.000796958251098,0.0089294227179,0.0041393481261,0.0117831092699,0.00507503447491,0.00817705754418,0.0052838644516,0.00262744769249,0.00204385532646,0.024373138751,0.00101620332298,0.000647170346247,0.00395178080542,0.0143154973267,0.00161732606671,0.00847825057393,0.0114661082959,0.00828405131729,0.0118148328415,0.0148995572034,0.00492274035529,0.00479664248817,0.00506345815478,0.000466747719664,0.00383541921517,0.00462695741506,0.0144738239291,0.00802852760281,0.00454684859039,0.00600473511194,0.00767579007011,0.00350174869778,1.34592219224e-05,television
0.206456657991,0.0101189527755,0.0073282035966,0.00269968775617,0.00117062611474,0.033397649335,0.0398819647075,0.0104247962434,0.00225224659635,0.000300484822756,0.0557325278948,0.0577762685691,0.00489392839071,0.0185806499639,0.0053917640987,0.00170534032437,0.00492575240922,0.025463044088,0.00100454304315,0.0159499993923,0.000397377821195,0.00018274513184,0.0176851641716,0.00145471722868,0.00476994219426,0.0154690675868,0.00371057225164,0.00382855323419,0.00309529467633,0.0155355812365,0.0176353624915,0.00573330547935,0.000697644100589,0.00239713387658,0.00362042507415,0.00884215716764,0.0115125617597,0.00949330500216,0.00184311300485,0.00778405715306,0.00656365897628,0.000601402352031,0.0129000992355,0.00611745392831,0.00318349759933,0.00882334240469,0.00389923476509,0.00452389269105,0.0045567027997,0.00263548093062,0.00992075070904,0.00333011355088,0.00331368435298,0.000620935525293,0.00192433608869,0.00781078650912,0.0123384326114,0.00137506340026,0.003754064773,0.00321260606859,0.00467095864398,0.00382015677752,0.000418412044007,0.00267615966878,0.020531822733,0.00190147433361,0.00737113676874,0.00439928290264,0.00103452945714,0.00143378681469,0.00199228202152,0.0280452245252,0.000490169774871,0.00146007900558,0.015843511941,0.00368381701739,0.0158502099065,0.00232552080507,0.00902242039192,0.0127786467615,0.0040778050931,0.00471712304949,0.010042351901,6.1894664656e-05,0.0173180312519,0.00751848674186,0.0154703560613,0.00185357677771,0.00297617116842,0.00399245127864,0.00155482426574,0.00589861569079,0.0109907593096,0.00392375371709,0.00412692178735,0.00381114845899,0.00292185861816,0.00315574916123,0.00951251016603,0.00180482184419,0.00197247867039,television
0.101577045859,0.0180405196667,0.00867492744075,0.000613133579928,0.00165878379309,0.0203812671404,0.0585780459655,0.00149476774999,0.0176535218668,0.00611228837065,0.000343025830345,0.0477962815085,0.0395478735035,0.00706222799186,0.00619125483673,0.0104197052978,0.000966232161653,0.00255263698275,0.0195609938692,0.00857596966642,0.0125366442923,0.00107494390098,0.000182970326814,0.00152258494797,0.000295056408911,0.00122917694643,0.00718904684738,0.00364737058504,0.071350008356,0.00492515687633,0.00252480850708,0.014612119017,0.00588575502457,0.0207436411275,0.0108497772499,0.0013774169756,0.00352935490812,0.0048562429624,0.00791326252998,0.0111029080554,0.0303959848282,0.00246000841533,0.0371788875144,0.012866258998,0.023181476081,0.0212413941659,0.00738908369345,0.0144253439634,0.00171331513764,0.000974728928782,0.00469864087321,0.0168907488586,0.000726399255079,0.00103517915858,0.000399195051829,0.00564419617774,0.00374015840863,0.0029121288928,0.00965279720895,0.00414627545175,0.00213274954865,0.0119986374906,0.006863766773,0.0116653124108,0.0017282609831,0.00032691139,0.00392281151264,0.000596317481037,0.00778004906827,0.00330941943225,0.00046610429587,0.000451824089029,0.0141302401501,0.000419352507338,0.00438399739628,0.000537114415186,0.00365511957873,0.0030508446842,0.000821016549596,0.0101313037659,0.0103319413087,0.00827841277622,0.00608410009469,0.0154295147761,0.0019321628554,0.0127293044053,0.00901158453839,0.00892011804129,0.000234455690592,0.00384200137007,0.00211786111056,0.00169646579506,0.0212416437799,0.00167582607949,0.00314827656974,0.0049084588925,0.0037361574951,0.0043285416203,0.0159256002421,0.007855314973,0.0013801540726,television
