0.00189101909873,0.000258540169771,1.232922883e-05,0.000516128246224,0.00113776034931,0.295023548551,0.00125469424769,0.000103017821449,0.000132732859067,9.1160100966e-05,2.21664650778e-05,8.90929209866e-05,0.000191814656107,0.00183289708941,0.00298831869503,0.257990139569,0.00517291701784,0.00256461029321,0.000514876074945,0.000330749171375,0.00023171631701,4.18359756113e-05,0.00064866159268,0.00415981036464,0.0132834381436,0.167440213393,0.0104041721302,0.00296472803192,0.000621945399552,0.000819974803628,0.000644426818885,0.000968720756084,0.000380620803767,0.00450061193344,0.010477176045,0.0946570653006,0.0107741438578,0.00379740510291,0.00064147154259,0.00101037377663,0.00092935891964,0.000144388954181,0.000262262501682,0.00360933826685,0.00828356491549,0.0365652619319,0.00856926588565,0.00247781237896,0.000474577876258,0.000682376391914,0.000178924061607,0.000647458926734,0.000351200528707,0.002537184138,0.00444846088677,0.00641647634645,0.00256105907398,0.000786814653622,0.000226257992985,0.000397298236647,4.35314893521e-05,8.80128609284e-05,7.31467679325e-05,0.00122681611949,0.00119899750829,0.00224380007846,0.000786869499945,0.000225977032947,1.45557479885e-05,0.00016304360088,9.36577517682e-05,0.000171629387949,0.000628659232165,0.000382918618486,0.000587147782358,0.000414107008574,0.00022906222998,5.65694313752e-06,0.000122923848209,2.09594240397e-05,7.03300304246e-05,0.000117600730257,4.22544433877e-05,0.000488802266399,0.000733206105222,0.00160237318976,0.000946644478893,0.000312156578979,0.000196498378361,0.000467596780069,8.92161640857e-05,0.000409097462714,0.000179125034472,0.00018510361604,0.000555116592241,0.00149957046805,0.00100947775463,0.000581231982683,2.26043730431e-05,0.000335917423259,0.000298235630391,computer
0.00148081719436,0.000107205164388,0.000256530986131,0.00015772810345,0.00204383217825,0.310698335381,0.00126924154596,1.80828934486e-06,6.64305552403e-05,4.0413710192e-05,0.000305257916653,0.000198714537927,2.01148691182e-05,0.001109065697,0.0128077550622,0.232280643639,0.011208045162,0.00120406850906,0.000148003834015,0.000119377366327,0.000381213270849,0.000541319758675,0.000122561264734,0.00241298834192,0.0261480430565,0.15032668926,0.0221690178769,0.00318450819989,0.0001744500694,0.000258746191408,0.000418308538519,0.00118738360292,0.000445172433502,0.00212082227445,0.0296726010433,0.0626337267696,0.0213505996545,0.00380665364617,0.000277133129146,0.000295138399107,0.000232062048927,0.00103093319363,0.000216450131386,0.00361169377877,0.0153388413435,0.0194228329516,0.0138483124317,0.00223598045607,0.000390345949781,4.28795539118e-05,7.55518976714e-05,0.000243719798663,0.000113403615093,0.00257280228098,0.00546183228348,0.00444725249794,0.00531671282419,0.00138363796746,9.42922982687e-05,6.53926216779e-06,2.61411028682e-05,1.56807743853e-05,0.000403274757821,0.000550547303161,0.00293318956629,0.000440392325201,0.00186270364327,0.000396194528878,0.000534635454552,4.69257959565e-05,6.64472550785e-05,0.000417849810601,0.000583333207791,0.000760531148539,0.000338854640757,0.000255127409477,0.00170147280995,0.000101281524184,0.000725802039049,0.000235495445419,5.17269726218e-05,0.000177423580048,0.000356058446166,0.000183486939637,0.000673536689591,0.000159044828133,0.00167748739858,7.26006746051e-05,0.000652767759865,2.56702077799e-05,9.87269558498e-05,0.000953452693319,0.000543479334986,8.44270074792e-05,0.00070362212571,3.65132611824e-05,0.000674667207671,0.000282780290951,0.000375583507537,0.000197971132966,8.65493928354e-05,computer
0.00109313440307,1.36258932509e-05,7.39319235785e-06,3.82205762674e-05,0.000977603209382,0.300656965014,0.000843306905161,0.000112012393122,0.000431983735789,0.000359473208081,0.000542989191218,0.0004837764572,0.000382735271933,0.00144729184147,0.0107927580492,0.246538976807,0.0138337768626,0.000583036146945,0.00045569102038,0.00195742203042,0.000564179508681,0.000606329464902,0.00133588851197,0.00246282800487,0.0183372560053,0.147742288184,0.0283526278693,0.00173467633588,0.00119408741204,0.000932298394828,0.00103160896847,0.00130121518643,0.00186375222162,0.00351499900828,0.0168141208829,0.0647906011077,0.0332749005703,0.00191504107168,0.000720093709631,0.000622123948035,0.00025719774464,0.000594615921683,0.00133276181476,0.00198043216532,0.00655221547112,0.0189678740527,0.0213487617058,0.0014740478709,0.00063588183379,0.00115244014675,0.000298899833175,0.000355320744305,0.000727018444239,0.00100634567576,0.0031513851959,0.00186324917176,0.0084308599895,0.000657726490574,0.00118731519824,2.56306764179e-05,0.000115635889801,9.39661446475e-06,0.000290633710176,0.000435254665668,0.000556419268862,0.000961338954003,0.0017616379048,0.000788957979671,0.000103010775488,0.000138746426215,4.37154570832e-05,0.000536024508611,0.0002810665231,0.000136301557241,0.000364618554002,0.00010689850328,0.000834166029278,0.000567219150553,4.94381906764e-05,0.000126070438914,0.00038399625729,2.51558730036e-05,0.00015776276877,9.25205884493e-05,0.000440887790577,0.000742304804114,0.000896580823627,0.000812046105534,5.38953032621e-05,2.09401796303e-05,2.03350112616e-06,0.000173762980424,0.000384475457837,4.39450917155e-05,0.000796247098342,0.00159305881571,0.00158470790644,0.000461569297089,0.000244446960728,0.000202527199091,1.75153725857e-05,computer
0.0019274027971,0.000154595501435,1.06490777807e-05,4.10316732346e-05,0.00353539265768,0.289354071224,0.00318162025044,1.51237755095e-07,0.000233960372767,0.000150838911042,0.000651270106039,0.000150954389816,2.30863487583e-05,0.00132331663606,0.0258915960901,0.216735430468,0.023318098914,0.00128646157719,0.000150811826814,2.71365648679e-05,0.000384124619446,5.95999370207e-05,0.000400412762544,0.00511443221956,0.0474508033108,0.111892857094,0.0433421618901,0.00387457829239,0.000322953691906,7.19755876693e-06,0.000174761421566,0.000141139214202,0.000466295482444,0.00998777966106,0.0386989966738,0.0327766659016,0.0346158282568,0.00677331017863,0.00152290043943,0.000232944960545,0.00051609155589,0.000248298458717,0.000595557267531,0.00685497001442,0.0196972517042,0.00412790440578,0.0200372418696,0.00629442628285,0.00042404693507,0.000140375334353,0.000200376509709,0.000737795421876,0.00112164203784,0.00419504559374,0.00587161104235,0.000277250053077,0.00408042613364,0.00292838164145,0.000731106266793,0.000107670305885,4.27245853746e-05,0.000146412884684,0.000350451803365,0.00106422576347,0.00133970520807,0.000225584845828,0.000596027611171,0.0012973324028,9.8049562234e-05,0.000594514437463,6.02406459444e-05,4.91085793225e-05,0.000592261517558,0.000176122990814,0.000381695141959,0.000161961589439,9.42736843612e-05,0.000754663940075,0.000521995809182,0.000351222643979,9.96224845874e-05,0.000127849426462,0.000148136251441,0.00019758721526,0.000122780477278,0.000112723753369,0.000223680501491,0.00034323049748,6.44894092726e-05,0.000509253071713,0.000120701194995,0.000451313865698,0.000508753805186,0.000102530075483,1.57927427657e-05,0.000146448808069,0.000144188600129,0.000158447252471,0.00103773420707,0.000887356763767,3.71492270232e-06,computer
0.000140246954483,5.40365576294e-05,6.90083322784e-05,0.000275867385305,0.00285583082927,0.326129770563,0.00916431918306,0.00155454224103,0.000397743899218,0.000637613300827,0.00091500292821,0.000782788055861,0.00174925546087,0.0035819003445,0.027866336887,0.194399111719,0.0498433783338,0.00644901766722,0.00125223833045,0.00170690482826,0.00174441748145,0.000999258420519,0.00302624971639,0.00796197590218,0.0353469059822,0.0656866830603,0.0673883945485,0.013248772963,0.00235294458844,0.00196946636798,0.000881072356989,0.00290309640226,0.00296424484511,0.00611050465446,0.017473219516,0.010981351517,0.0389677075037,0.016527821312,0.00226960527439,0.000798031726359,0.000658875510706,0.00169576549251,0.00126147535522,0.00317489071984,0.00412091095237,0.00447921119279,0.0105224514962,0.0115219303214,0.00146343303368,4.47604995943e-05,0.00054991369389,0.00105794579225,0.000754525882872,0.000692656085371,0.00119059672223,0.00156259258243,0.00111885438436,0.0053949015747,0.00124662869245,3.09736461691e-05,0.000459693491283,0.000141333867804,7.58752388019e-06,0.000231743933484,0.000552626328618,0.00083127296313,5.1634595247e-05,0.00213979241243,0.00155925651656,0.000167230350962,0.000114343433279,8.79187483357e-05,1.649665844e-05,0.000209072749406,0.000994191977393,0.000377217517779,0.000229639840821,0.00130536216003,0.00163168955994,0.000169469071412,6.27354586607e-06,6.27717721567e-05,8.16314429362e-05,0.000441417939988,0.000664107107071,1.34963159139e-05,0.000485315242845,0.000227778391253,0.00104237183943,0.000414350932599,6.39610679997e-05,0.000166344747399,0.000407252882132,0.000567905276067,0.000140995632613,0.000172433007126,0.000507455590717,0.000328778375891,0.000323756165538,0.000632201198387,1.89625411686e-06,computer
0.00045900785343,1.77748198063e-05,9.70732662911e-05,0.000274578406416,0.00664974999461,0.327381988332,0.00449634550708,0.00119295928018,0.00070233598523,0.000755159070098,0.000338649349592,0.000241682053787,0.00135142078295,0.00177448521345,0.0518101055017,0.189414217572,0.0214691114273,0.00487506321649,0.00237812020337,0.0016393570392,0.00154957874804,0.00126808806537,0.00110353419135,0.00238187984886,0.092949182456,0.059183419051,0.0199164497634,0.006733245373,0.00312570634233,0.00185590688031,0.0011962070101,0.00112663516159,0.00109618977281,0.00270458586995,0.0804684304081,0.00572105118448,0.005700429109,0.00314221320358,0.00129717522212,0.00137957539858,0.000237394759596,0.000845782818174,0.000651398394995,0.00286451282663,0.0335273503008,0.00185037085536,0.000525970927718,0.000548548736076,0.000636135682458,0.000367670433453,0.00015156525233,0.000161484684655,0.000275682780712,0.00232294519831,0.00922460727607,0.00322259312134,0.000249816480986,6.86623457188e-05,7.1795956535e-06,0.000203312266569,5.75494699603e-05,8.36747906125e-05,0.000218012602008,0.00353593508504,0.00376746116319,0.00222622137169,0.000611057979922,0.000100770546327,2.55489909972e-06,0.000188494019924,2.14956528125e-06,0.000197734820721,0.000851930245522,0.0044009499946,0.000832488756957,0.0021048684771,0.00112059411438,0.000230339360856,6.87222975915e-05,9.00605800252e-05,1.91585201654e-05,5.38607431082e-05,0.00123640797146,0.00187428922727,0.000274718555193,0.000987988538252,0.000523314829653,0.000523559462065,6.45584972981e-05,0.000157742447626,7.42039720961e-05,4.02358043148e-05,0.00117845483589,0.000828446026788,0.000366260514181,6.26333623752e-05,0.000502029137222,0.000902301657615,0.000288834256313,0.000100072102891,8.7706724907e-05,computer
0.000889372164488,1.83346495227e-06,2.03549348025e-06,5.06851328019e-05,0.00295458713349,0.323911145123,0.00404884481045,0.000580401570915,0.00042357461025,0.000198866965531,0.00100181433697,0.000329059501495,0.000775536082955,0.00270797438266,0.0205309201889,0.225220956684,0.0284018881466,0.000623674798491,0.00157681480485,0.000635191286377,0.000554641418101,0.000642934738468,0.0018322720234,0.00687695458378,0.0318503597487,0.107360443848,0.0443557869072,0.00189959276204,0.00109899596121,0.00073646077352,0.00151800306039,0.00125612198164,0.00180941206086,0.00698612363678,0.0195035168168,0.0281050777713,0.0355598112463,0.0064319505853,0.00136114367147,0.00105042389454,0.000975237498815,0.000994353949562,0.00175334331073,0.00504949435421,0.00765340862827,0.00468042039844,0.0190901995008,0.00504964926193,0.000254637688108,0.000730693329775,0.000449845724896,0.000497143013528,0.000700921048145,0.00181428345955,0.00209108821655,0.000677302892498,0.00660643332102,0.00295613196527,7.6667017405e-05,0.000839114203886,0.000137698569264,0.000162467845853,0.000670713846106,0.00107411981654,0.000506808065011,0.000336634326978,0.00186355542483,0.00300809948025,0.00018803657832,0.000212312648868,9.13861863325e-05,0.000226766386849,0.000418600368467,0.000608994855626,0.000388922157199,0.000360339898769,0.00057630865996,0.0021733527304,0.000392985053892,0.000110265745274,0.000249806530285,0.000163396589359,0.000379379527906,0.000490712864393,0.000467723967083,4.08596632484e-05,0.000130611285537,0.0016045285628,0.000802831577592,9.9442728158e-05,6.97002390414e-05,0.000169355981073,0.000632359455987,0.000413007906753,0.000248309957671,9.31909620476e-05,7.53169942644e-05,0.000757622110463,0.000776900453426,8.93388948075e-05,0.000141662147136,computer
0.000722285180312,1.1637142335e-06,0.000169036849891,0.000215967678955,0.00638177953215,0.312876048658,0.011166705503,0.000560867532111,0.000159215538556,0.000234491848621,0.000538347620719,0.000194599975899,0.0010136031763,0.00541334677804,0.0466300651751,0.166810534591,0.0492282272726,0.00580335424137,0.00124530365335,0.000914058473173,0.000413325710176,0.00106220709625,0.00332351393705,0.0173786157212,0.0576093323435,0.0410072013375,0.0541638137425,0.0163410015659,0.00376548186704,0.000726451076645,0.000337370975059,0.00162202497226,0.00707245571375,0.0185369868614,0.0264950234517,0.0046901451838,0.0263347136297,0.0180224328886,0.00591733323167,0.000912266080339,0.000195057659364,0.0019194282363,0.00610257579314,0.0101407056391,0.00489189015727,0.00229157896027,0.00503820145679,0.0081136225267,0.00572060108585,0.00147847189237,0.000653122376341,0.00118461737083,0.00318590051724,0.00228654860013,0.000626178738814,0.000970646477843,0.00088394059133,0.00152633316346,0.00374774534815,0.000947671271971,0.000717193196934,0.00125122674901,0.00214684360541,0.000230457582142,0.000672267393372,0.00041917012459,0.000530918874158,0.000196012023354,0.00127584211086,0.00132339966031,0.00122579277444,0.000831398863737,0.000510544678197,0.00036002839597,0.000201992884237,0.00061554154433,0.000224991009701,0.000528468943961,0.000165174071549,0.00126699872585,0.00103506010717,0.000285843852792,0.000294990321861,0.000325523249986,0.000236448389813,0.000480638558701,0.000171870460407,0.000455443311434,9.32189772062e-05,0.000376177685543,0.000588542174767,3.02455361073e-05,0.000407539003664,0.000128061277979,0.000431177919072,0.000212185578897,0.000659505969711,0.000286029345191,0.000574386018863,6.94006599036e-05,0.000247910146574,computer
0.00128554816776,0.000345811814126,0.00132457608433,0.00221026490866,0.0331878954327,0.270108127451,0.021606990176,0.00164993236998,0.000901690116944,0.000836118026956,0.000223281579015,0.000697646014554,0.000443809664708,0.0127116966501,0.183968977107,0.0173193774312,0.0319759349751,0.012567688704,0.00624023289972,0.00240366580561,0.00186935945041,0.00237862829863,0.00734219669724,0.0435912723478,0.0877681197083,0.0441449489412,0.00173427524859,0.00108999799904,0.00130791185894,0.00183489079747,0.000827310127645,0.00427046861569,0.0174829184851,0.0292028901793,0.000516713626686,0.027123315651,0.0176247171289,0.00655420427202,0.00295871263016,0.00016707545329,0.00161425568416,0.00455816178601,0.0106171476433,0.00335157983734,0.00927828912699,0.000166319991373,0.00198996134501,0.00412621774143,0.00391587706824,0.00138975885096,0.00555808545939,0.0012921692593,0.00376507182576,0.000765089705124,0.00334593630925,0.00387775600396,0.0021796117761,0.000328521256066,7.33154929948e-06,0.000732691056125,0.00153347183375,0.000325998913028,0.000284931025303,0.00297636645148,0.000939543150759,0.000363945478483,0.00213204262156,0.00142630667212,0.00198881267765,0.00214221069903,5.98978926376e-05,0.000588718178192,0.00139269127939,9.6705968011e-05,0.00122741569748,0.00132898860162,1.94512429012e-05,0.000304799372583,0.000808690160886,0.000864535267771,0.000147044536701,9.59298697883e-05,0.0023309601806,0.00115719818173,0.000337926153214,0.000926334815279,0.0011865181314,0.00159522548475,0.00091780856078,6.8915121276e-05,8.30474519848e-07,0.000402539320418,2.68828338461e-05,0.000476249653968,0.000791215264697,0.000511444894476,2.55642271865e-05,0.000522586553284,0.00151386912614,0.00144748404205,5.29232179963e-05,computer
2.96398044202e-05,0.000822854241708,0.00141929494901,0.00208908149446,0.0244176767388,0.28853100861,0.0321812148715,0.00154409586236,0.000827826783769,0.000368009377046,0.000491092565756,0.00216730105499,0.00367020696877,0.0127980227526,0.0406722785058,0.0382253200593,0.134265326158,0.0345248217397,0.00348671704253,0.00256862058501,0.00129751412128,0.00328160421483,0.00338107598363,0.00986632437371,0.0196905102036,0.032136680537,0.0347196205239,0.0894716606162,0.00674534915102,0.00138721718659,0.000709419980561,0.00300865426335,0.00412847844071,0.00747945279018,0.014073287175,0.00707958599908,0.00164117977172,0.0303008339656,0.0245331078558,0.00121672496921,1.28792123269e-05,0.000646745027143,0.00140975816409,0.0033328107141,0.0044025160884,0.00140000609561,0.00185533513694,0.000262598324783,0.0108558870649,0.0099182783672,0.000569310830149,0.00177350853063,0.00291873934681,0.00227893240346,0.000478609674589,0.000911134577029,0.000938345304162,0.000959458661276,0.000104671763462,0.00754364281717,0.00170095933694,0.00014770405324,0.000143110574998,0.000336698218878,0.00129961505337,0.000375351950544,0.000252471994008,0.00033702581312,0.000222962554505,0.00068123123571,0.00176256082784,0.00242809529353,0.00153638772836,0.00125244185968,0.000146084398052,0.00036795795465,0.00109945306594,9.28865248542e-05,0.000399223841215,0.000696982841984,0.000447134839023,0.00444364192607,2.85184501853e-06,6.61777300849e-06,0.000241043416209,0.000261206506399,3.16141400531e-05,0.000412581713198,5.85396483728e-05,0.000297072294754,4.35295965298e-05,0.000812119169962,0.00194812881685,0.000300650601185,9.55947701387e-06,2.00364292621e-05,3.97288498563e-05,0.000544613662705,0.000808334113061,0.000169868427465,6.12392653309e-08,computer
0.000951251570738,2.41558645855e-05,0.000104144492905,0.000311281345845,0.00957335053325,0.319675178295,0.00991442916793,7.27088444052e-05,0.000180612807976,1.10999642256e-05,0.000161094412973,0.000148990474166,0.00109314219976,0.00798204709543,0.0536216421578,0.157323274671,0.0614623387069,0.00495504147662,0.000193709023093,4.63563740142e-05,1.08571352736e-05,0.000576182462426,0.00510578512519,0.0195679291449,0.0584732745925,0.0261025928388,0.0698861138804,0.0183552343227,0.00101874886247,3.72592765286e-05,2.18414648592e-05,0.000994776921714,0.00714670953696,0.0168092076389,0.0191600789708,0.00111694416206,0.0261503725872,0.0196838193837,0.00405101219841,0.000351638176547,0.000188341578343,0.00203549820807,0.00505534713308,0.00690827533192,0.0023767387138,0.0042867720019,0.00269458836744,0.0104340174588,0.0044458249646,0.000252047809787,0.000793009343469,0.00119926685621,0.00356054541816,0.000805955686934,0.000396078576798,0.00253855318462,0.000132877791716,0.00276085449952,0.00221641980434,0.000197074936878,0.000747614742364,0.00119880462311,0.00164892735932,5.09235945351e-05,0.000955374309712,0.000837416290313,0.000551228606583,0.000634121786196,0.00198117765271,1.94563923267e-05,0.00148478066062,0.000900089296208,0.000265229908996,0.000410541165674,0.000792044168785,0.000199054623563,0.000598111626246,4.94307855164e-05,0.00133228523618,0.000346408861286,0.00172077480422,9.58181923353e-05,5.99626077901e-05,0.000850245513683,0.000182277688375,0.000266223191523,0.000435805429772,8.81520162183e-05,0.000764990011532,0.000101701216415,0.00180570629457,1.72220701734e-05,0.000294117799864,0.000542964840773,0.000114301165679,0.000211532441242,0.000211572530337,0.000144466449042,0.000324353801986,6.35691915536e-05,0.000996905226088,computer
0.000853197736493,1.01385066062e-05,2.67642265448e-05,2.78312238371e-05,1.64015632386e-05,0.360929303702,3.19338272413e-06,9.42807893147e-05,2.12450417322e-05,1.37704750718e-05,1.30592671646e-05,1.33586682314e-05,3.3962916624e-05,4.91740352159e-06,8.23756490106e-06,0.28716475677,2.28569444445e-05,1.36320699083e-05,3.84487195215e-06,2.0748942893e-05,8.82037746033e-05,2.01199952731e-05,4.37579692167e-06,1.29691824416e-05,0.00019638919654,0.182190289331,4.12354092811e-05,1.90946900189e-06,2.19272599143e-05,7.09627640918e-06,1.71235871773e-05,4.43323456134e-07,3.73860688518e-05,7.42889945396e-06,0.000111309281398,0.0933532266481,6.64840016421e-05,3.78902416433e-06,8.62549725303e-06,1.8108622446e-05,6.89707407238e-05,9.85450563676e-06,9.73588652607e-06,1.66271409046e-05,2.93211352666e-05,0.0343879347516,6.83495329235e-05,3.7306763745e-05,4.25510922748e-06,1.5103997596e-05,6.46324257002e-07,5.9592371071e-07,1.51174177069e-05,5.4333658914e-05,3.76986629631e-05,0.0148372431323,4.3728644019e-05,1.83701814285e-05,3.46063280545e-05,1.08630328259e-05,6.34959861027e-05,1.01225891636e-05,6.84987286814e-06,4.26725279064e-05,1.42146070843e-06,0.00938631593398,0.000229572531215,4.83913687008e-05,1.94024352277e-05,2.17769485087e-05,5.38787057696e-05,1.00420644544e-06,3.16789574342e-05,2.45450672098e-05,3.54578105421e-05,0.00732540647984,6.69736694671e-06,2.23326569005e-05,2.09290583234e-05,2.03860169075e-05,3.87043946302e-05,5.01657955041e-05,2.78509644622e-06,3.52180524144e-06,1.54059827104e-05,0.00548667727997,6.38204365049e-05,1.90886241783e-05,3.7705132628e-07,3.52693245941e-05,6.02609786435e-06,1.82597314097e-05,1.01317829544e-05,8.42688912698e-06,1.77703180522e-05,0.00146470393831,6.89122249645e-06,6.00306044043e-05,4.78851305876e-05,6.21129845279e-06,6.09036319098e-05,computer
0.00058822657253,2.35550181646e-05,8.04855840905e-05,0.000136277730126,0.000268675328455,0.377952551123,0.00122367413709,0.000350374938959,7.07007488189e-05,4.71239041898e-05,0.000205116771713,0.000150684584317,0.000297190532049,0.00168353029635,0.00313818232036,0.280475574782,0.00480551393301,0.00159743713833,0.000208996369766,0.000265052202073,0.000774523948886,0.000592119023183,0.00108636927862,0.00415982332358,0.00643707597863,0.15511732677,0.00634361372616,0.00247685357264,0.000440007187164,0.000513434762851,0.000683908884922,0.000353753209323,0.00102891056867,0.00343013626482,0.00536378651139,0.0650707308707,0.0049407872008,0.0015819842422,0.000314113933315,0.000372829664861,0.000649701919324,0.0004379242473,0.000760307724253,0.00236521264739,0.00389866621543,0.0201279085347,0.00272000695509,0.00118670468717,0.000123421610443,0.000247848167292,0.000449138019115,0.000199405574805,0.000598324815609,0.00150805667698,0.00211467924513,0.00691483543566,0.00127927087229,0.00032345608249,5.93841415603e-06,0.000137063748992,0.000160112802546,0.000102349624459,0.000456455116231,0.000785411036787,0.00149266433628,0.00408793792692,0.000845837490268,0.000243647510116,1.9450898445e-05,7.5526542696e-05,9.83604322296e-05,1.73805071697e-05,0.000212918453449,0.000921345301989,0.00102176832603,0.00241957330228,0.000830355497493,0.000445305120204,7.90733758727e-05,0.000216924127355,7.0981537015e-05,0.000139917484512,0.000241543912172,0.000522632881095,0.00097678700909,0.000869059579494,0.00029498730283,5.26812505792e-06,1.30180233022e-06,7.26559034522e-05,3.69421028323e-05,4.20527895513e-06,3.10611643387e-05,0.000468158724228,8.96581347147e-05,0.000597519906679,9.3372170422e-05,2.48201042944e-05,0.000114254486472,6.19488398878e-05,5.16412903182e-05,computer
0.00144805130266,2.05098431583e-05,0.00018503860597,0.000346735477243,0.00415509339481,0.350391647726,0.00289267153218,0.000703970958818,0.000640309224562,0.000318843670401,0.000477655662859,0.000418889006794,0.00130084656478,0.00280856194837,0.0200397031912,0.245189404355,0.0249317187018,0.00165637829418,0.00148130118681,0.000900855226255,0.000556329943945,0.0017349114661,0.00233556501651,0.0058159945061,0.0228605941427,0.0989472582008,0.0443851250869,0.00274444369496,0.00134548172486,0.00111228046693,0.000541644146593,0.00167921973246,0.00187017257426,0.00489811359998,0.0126912030765,0.0261549289436,0.0390312335191,0.00297829598085,0.000647483577067,0.000673964207625,0.00081367990197,0.00126579464039,0.000676274014826,0.00236180191011,0.00475436554931,0.00354292609649,0.0195747429746,0.00161552010789,0.000245444950153,0.000223773607391,0.000243501655058,0.000417600172897,0.000279669076818,0.000467616762271,0.000671371391803,0.000187119638022,0.0090315586557,0.000678105093674,0.000178801119661,0.000137084841317,0.000140316839365,4.87108387641e-05,6.88790762908e-05,0.000345924790739,0.000391657265482,0.00100099352665,0.005506385969,0.000810886043984,0.000124173813349,0.00016454677335,3.42804426284e-05,8.13710705184e-05,4.66418970834e-05,0.000236426373322,3.74683790669e-05,0.00126024257839,0.00315949988291,0.000993994867532,2.94572948694e-05,4.42530587114e-05,9.72034188173e-06,0.000185910784584,4.87528442234e-07,0.000110851631202,3.24908256836e-06,0.00124772917208,0.000850739228391,0.000935431462503,0.000239161650119,1.80324468591e-05,1.36983511218e-05,4.26707906169e-06,6.60390237546e-05,0.000141607883545,1.63094465537e-05,0.000231477421295,8.14264258882e-05,0.000327419930674,0.00021353808664,9.75503267419e-05,6.02726868955e-08,computer
0.00145795513669,2.76557143274e-05,9.48160275733e-05,0.000229128610394,0.00249559190304,0.35831081323,0.0030753998075,0.000765505678017,0.000157674750437,0.000495333496446,7.2793916524e-05,0.000519003540662,0.000306006351604,0.0012704796414,0.0230268048547,0.249513372124,0.0137865277419,0.00210916114972,0.00107254171352,0.000709140396461,0.00149486479724,0.00108807221507,0.000994435938053,0.00110605166444,0.0401556175536,0.11032042931,0.015069389758,0.00411571905473,0.00159531668008,0.000886667639594,0.000721523488696,0.000649932793588,0.00122820798161,0.000498085393911,0.0379891203449,0.0305751326359,0.00951152844053,0.00345394300618,0.0012913932142,0.000477443288073,0.000688613027721,0.00054027671887,0.000616584983842,2.49446691439e-05,0.0257181482838,0.00500662105601,0.00272476451712,0.00119787606466,0.000534100287272,0.000377503735444,0.000129213338236,0.00022148615555,0.000228023621859,3.48605176791e-05,0.0121689869156,0.0002599002793,0.00126377533455,0.000780518035702,0.000278169472718,0.000146235224484,0.000310797221638,0.000128633081872,0.000206562389836,6.55517294637e-05,0.00817393325735,0.000207118678574,0.00030188003925,0.00060391830933,6.35973302055e-05,7.7361514782e-05,8.12806988263e-05,0.0001618305879,0.000220650552148,0.000298385067262,0.00616161321851,0.00041834874258,1.21741300553e-05,0.000302654818656,1.89897307068e-05,0.000101096747512,4.30415471306e-06,3.42928535768e-05,0.000445696785654,0.00026130793766,0.00275980879755,0.000653073493225,0.00014502186668,0.000105268451726,2.55103226304e-05,3.44055597995e-06,1.29414961151e-05,5.50899749228e-06,5.31355858017e-06,0.000176230791106,0.000895541491583,0.000492192698968,0.000259578695958,0.000101053314114,2.67009403711e-05,1.14568716764e-05,1.94855175474e-07,computer
0.000565896225682,3.08891626158e-05,1.86161196257e-05,0.000166722369956,0.00074576395812,0.347318654093,0.000938743527802,2.80345171321e-05,3.60151881785e-05,0.00010716127001,8.69554148273e-05,0.000156765048102,0.000296561804148,0.000644621233286,0.00623630482073,0.277686160587,0.0063817740739,0.000447629247537,0.000140808625411,9.99361092314e-05,8.90039445945e-05,0.000312088245692,0.000566889571777,0.000308813524081,0.00948300635287,0.159265686636,0.0112218056328,0.00116364630318,0.000414213938045,0.000263671774821,0.000264151394501,0.000320619832489,0.000438984544114,0.000837573175592,0.00790423035304,0.0720143916711,0.00959465632875,0.00108481575127,0.00041950865007,0.000204403517123,7.61885514006e-05,0.000340883965933,0.000455852231522,0.00111812459968,0.00429831358371,0.0276857560387,0.00698267747761,0.000947782557252,0.000108218090561,0.000274704034479,0.000157968450681,0.000157541956918,0.000109659695772,0.00102683125602,0.00240134650028,0.00851707384905,0.0024431760376,0.00104094540479,0.000206814907171,0.000109252600056,0.000167414634883,0.000249038086495,0.000602815443611,0.000818016261957,0.00133219641758,0.00257027108512,0.00210164702535,0.000732110609617,0.000110936780584,8.44759075176e-05,0.000110514293496,0.000141299306935,9.01912916626e-05,0.000985883381894,0.000745085128531,0.00156019750544,0.00176583765183,0.000994978622707,6.01152454415e-05,9.55739199929e-05,0.000166480502479,5.92893351708e-05,0.000162002923399,0.000330383879815,0.00115997074434,0.000824604844882,0.00111319215222,0.000834224367451,0.000384228580661,6.09998348723e-05,7.36786510619e-05,1.39355977488e-05,7.33108883408e-05,0.000799137238429,0.000233239136413,0.000563650907208,0.000344586644338,0.000492663780201,9.28212563795e-05,3.17255666682e-05,0.000101988239321,computer
0.000281800878447,0.000104084877915,5.33137265251e-05,0.00014760750077,0.00553266271326,0.335890298595,0.00705138437006,0.000584246577282,8.49427632688e-05,0.000243458318821,0.000509428814889,0.000395658469882,0.000406245859356,0.00315613435843,0.0287948651354,0.203755318887,0.0461582989589,0.00300722991802,0.00106039246787,0.00101950793315,0.000879928739355,0.00167602356454,0.00273958341826,0.00811458451079,0.0326028882745,0.0643546202154,0.062894042007,0.00680613791015,0.00114522408879,0.00120350697291,0.00155520917214,0.00138919201379,0.00273491068368,0.00705486230118,0.0187060951918,0.0108627458173,0.041233392926,0.00993431870446,0.000475487972997,0.000281531652122,0.00107610899492,0.000986860325177,0.0025404057307,0.00354835284486,0.00464639424854,0.00196433552807,0.0140486236572,0.008311000268,0.000405284118781,0.00049874988281,0.000236311954424,0.00111394342829,0.00133679686675,0.00150306956363,0.0010185258313,0.00166526933646,0.00451812237751,0.00542149795293,0.00067783884326,7.92366432597e-05,7.00909065502e-05,0.000455461111239,0.000541490410834,0.000771892458765,0.00117284516454,0.00202963569831,0.000795684423349,0.00454741466026,0.000672259066176,8.8878127941e-05,4.18680766275e-05,0.000477642460333,0.00029668867519,0.000566103112413,0.00101415568729,0.00129190890209,9.11861074058e-05,0.00400243119875,0.00171004478352,0.000180007378848,5.51649760049e-05,9.95165795114e-05,0.000149956703915,0.000455947123773,0.0012663025255,0.000222425127357,0.000531065616991,0.0015870782174,0.000898848904409,0.000127389572864,2.29316676965e-05,0.00022206532713,1.32415919293e-05,0.000305489061391,0.000851996941673,5.1029813556e-05,0.000403253931725,0.000824832572522,0.000358105707695,0.000173559340602,8.42146269635e-05,computer
0.000227829182792,8.02824231782e-05,0.000206899137688,0.000683134792272,0.00507559319908,0.338119434122,0.00405531923493,0.000212231558184,0.000188219270567,7.46768267856e-05,0.000105106438518,6.77068264129e-05,0.000152638645465,0.000417245505311,0.00472554561905,0.299929167938,0.00438427087371,0.000200738061297,0.000111865159999,0.000133024166231,0.000379153246933,0.000219539324236,0.00012684975365,0.00024364960684,0.00288452606544,0.176068799424,0.00215125014334,0.000165068990498,0.00010549079952,1.36931718873e-05,0.000308016645518,0.000294581227329,9.59657525269e-06,0.000664385756778,0.00155371140455,0.0865919031522,0.000860705459856,4.15519340858e-05,1.03988858575e-06,1.07654552019e-05,0.000323145461975,0.000191000583993,2.8859508065e-05,0.000142292736796,0.00115242353787,0.0359137835664,0.00050505766877,0.000240643219086,0.000125024167441,1.24982476745e-06,9.14481025373e-05,0.00023466505124,5.78916516883e-05,5.66068035915e-05,0.000588716906099,0.0110799898303,0.000343123416926,0.000103760106644,3.15458812368e-05,9.39870693777e-07,5.33583065381e-05,0.000140234666864,5.18936104384e-05,2.78059268777e-05,0.000500606776477,0.00571437117686,0.000258662764874,5.06314053858e-05,1.4601152822e-05,1.60920869947e-05,8.75002591219e-05,6.77742192841e-05,9.04519861391e-05,0.000223661000968,0.00072753432846,0.00493560071714,0.000263520105375,8.82651657537e-05,5.40630619419e-05,5.89006738569e-06,6.59836179391e-05,1.17830188708e-05,5.07896610347e-05,5.69559927546e-05,0.000229699777055,0.00180400467272,6.46756555961e-05,9.45160782564e-05,8.81353874765e-06,5.63140803302e-06,7.24587681552e-06,2.08603453567e-05,0.00011153202479,0.000178829321091,5.06066806413e-05,0.000576775604153,7.94463374227e-05,1.84459325988e-05,1.96608750005e-05,9.33452659902e-05,2.05046264513e-05,computer
0.00146810370617,0.000279007054997,0.000134952588103,0.000528158998326,0.000955619669694,0.336737230991,0.000219626039449,7.9243079491e-05,0.000451314709829,0.000243881925607,0.00026262092876,0.000115780274525,0.000866533901956,0.00219582593379,0.00316765038374,0.288584619988,0.00248016261703,0.001567583883,0.000907118249827,0.000307616714613,0.000707443578559,0.000254342172408,0.00179249662125,0.00418550109816,0.0062100842401,0.164492220426,0.00393582157509,0.00323207615334,0.000658291589731,0.000480245246874,0.00105555933234,0.000716283064221,0.000978851546279,0.0040922308298,0.00744336622814,0.0775712999373,0.00515037546422,0.00171704322283,0.000487267683727,0.00046844626727,0.00138826932371,0.000872569742746,0.00127816317365,0.00200828914403,0.00368765358463,0.0268528456648,0.00264375989577,0.000812727992655,0.000408909723082,0.000572013937668,0.000203380670793,0.000322889153541,0.00129459306313,0.000649279730761,0.00184490646501,0.00839453637628,0.00125996862907,0.000316565457397,0.000335784224719,0.00021715617744,0.000281873968624,0.000165735052041,0.000315116917621,0.000567527217465,0.00109600625544,0.00353233675324,0.0011411057281,0.000523397744699,0.000250641333421,0.000196923822148,1.50138538644e-05,0.000145350561684,0.00020583536274,0.000518390543575,0.000399184401386,0.00145282955254,0.0003874587944,0.000301917521606,7.44478702855e-05,0.000383102276986,8.25498603182e-05,0.000105054222319,0.000424549350082,0.000733402527125,0.000518491578624,0.000455234302885,0.0005532958189,7.00547319471e-05,0.000208943424202,0.000578968073283,8.72163174426e-05,0.00029080763422,0.00038627793947,0.00025217175468,5.04832045237e-05,0.00027983476864,4.35877101998e-05,6.4541831656e-05,0.000238006349597,1.09800028907e-05,6.51930199374e-05,computer
0.000569767971422,0.000163944271123,1.83390393777e-05,0.000292918604687,0.00270858644511,0.33342138089,0.00610731027111,0.000875620324821,0.000883621285331,0.000415738197247,8.10758491486e-05,0.000940721029127,0.000813310087666,0.00236787015272,0.0174523923855,0.233829140988,0.0369485845169,0.00344496960387,0.00123073335424,0.000841712653232,0.000330219604837,0.00185273036087,0.00177271607268,0.00300891173905,0.0222161394086,0.0965408225005,0.0559874331151,0.00344637229439,0.000976140296436,0.000444642457828,0.000321000412088,0.00282428232243,0.00213293629752,0.00356824334469,0.0132265640592,0.0235057460896,0.0472924415804,0.00386181234524,0.000415261108525,0.000128194813497,0.000277412679592,0.00223211252868,0.00116908209423,0.00111659912587,0.00372875620457,0.00186297424249,0.0249948687215,0.00228067526226,0.000165540923702,0.000419635837082,5.15644154345e-05,0.00049080414446,0.000508476720763,0.000268358024879,0.000349066902987,0.00084994469757,0.0084976945625,0.00190549762468,3.77213162345e-05,0.000182006116661,0.000107569809854,0.000367779699471,4.56980711875e-05,9.31317525796e-05,4.31134655595e-05,0.000901551169645,0.00370466632603,0.00180759200242,0.0001262964061,3.97839230676e-05,7.80283010448e-05,4.36484772348e-05,1.95984189596e-05,2.02135478899e-05,0.000267661502532,0.00150307951805,0.0021469691422,0.00152715027828,0.000179923011499,0.000136212003342,0.00019809027106,7.86356696871e-05,0.00015113385511,0.000153220740655,0.00042461658487,0.00108237066602,0.000622179833014,0.00161389001473,0.00012725782469,8.41620001442e-05,1.05101495354e-05,0.000215034285791,0.000748596283704,0.000474792117008,0.000500286273675,0.000184391157739,0.000156305020795,0.000842757632349,0.000413404308739,7.63612485155e-05,3.31969448272e-05,computer
0.00119008690009,1.61515849971e-06,8.43882072747e-05,0.000347418309171,0.000898724583816,0.334307837227,0.00347175140965,9.52024865581e-05,0.000597367156861,0.000593663643626,0.000393000618869,0.000389193412822,0.000273519799718,0.00135752944182,0.0161651101239,0.264263851703,0.0166862617447,0.00194142517574,0.000918392687566,0.000388366441643,0.000822567440556,0.00107425614621,0.00137119391995,0.00149453552495,0.0327251218699,0.115998129059,0.0198787729547,0.00242925607593,0.00169614258161,0.000365115721554,0.00148060361575,0.000892601402254,0.00122055986663,0.000774084193068,0.035983380643,0.0393751532609,0.0142890895002,0.00291349152687,0.00183665156191,0.000435846246345,0.000559891904915,0.000580925610338,0.00123011305239,0.000201964623359,0.0229699676837,0.00750501902201,0.00549502768207,0.00112996791758,0.000675861845076,0.000668094548594,0.000329864540992,7.56784375673e-05,0.000469197688301,2.02156957818e-05,0.0114439967669,0.000695125424145,0.00252228711731,0.000564289408158,0.000120757982721,0.000171560948651,0.000181275615438,0.000240147621379,0.00010925595086,0.000106975819155,0.00613200648865,5.3468202453e-05,0.000629578230485,0.000500371235958,0.000155845511947,2.02458257265e-05,0.000339207982405,6.62531532968e-06,4.15548218692e-05,0.000289309739135,0.00445323968085,0.000453100602379,0.000292611092636,0.000297330201556,0.000251295919371,4.28813927248e-05,5.64452398879e-05,5.80485349009e-05,0.000133086837891,0.000419279935125,0.00229657171041,0.000374131007149,0.000145058812493,3.91876683731e-06,6.26711363189e-05,0.000147723531716,1.38181317688e-05,7.74315225487e-05,6.65367701286e-05,0.000139161853311,0.0012059429941,0.000500999617663,0.000149741395602,0.000221041277663,0.000415290444836,9.63795170716e-06,5.60680325502e-05,computer
0.000718163838745,8.0436391019e-05,8.43540533706e-05,0.000686382527499,0.00217556859911,0.314186802361,0.000504066102389,6.63967739668e-05,3.57681577225e-05,8.02087936406e-05,0.000214495364585,0.000212535445934,7.62458920432e-05,0.00159618252234,0.00867896964842,0.267414693313,0.00278178462568,0.000310761273233,0.000570008796391,0.00026525179077,9.91586450374e-05,0.00101628176897,0.000845734465326,0.00139239840448,0.0117360503765,0.160903475024,0.00657132622732,0.00107580453787,0.000300213401061,0.00016919886534,0.000236346635566,0.000174059677174,0.000614487761771,0.00106416281061,0.0105628876568,0.0898995557308,0.00644822397172,0.00062844310621,0.000158950678722,0.000398845284553,6.31449317371e-05,0.000164696179912,0.000199726125367,0.00065473525981,0.0081880751397,0.041891995165,0.00546975617566,0.00093132341785,6.80745797341e-05,0.000230515934769,4.85402429644e-05,0.000302798510601,0.000214080727707,0.000452644494393,0.00360331433913,0.0113868462469,0.00286840665993,0.000951481539064,1.67060763887e-06,2.46958509378e-05,4.71058536564e-05,0.000335030833258,0.000557216873396,0.000257666343072,0.00159775666722,0.00307081021737,0.00120422138633,0.000283942918471,3.69930796934e-05,9.40796794879e-05,0.000167743638582,0.000365744506451,0.000126350862788,6.12170496974e-05,0.0026000969443,0.00267065456641,0.000563165807585,0.000689707362587,0.000166824246645,0.000342131318663,0.000180148551301,0.000129422939275,0.000201283489124,4.84789619918e-05,0.00168912627571,0.000973819320251,0.00155343446822,0.000356217179533,7.92016362111e-06,0.000217955945185,6.84454924548e-05,0.000400415631855,7.44863089898e-05,7.00474603138e-05,0.00211852630655,0.000397530510343,0.00272225274328,0.000630798954501,1.80555785984e-07,6.10480599517e-05,0.000108797096299,computer
0.00268108302825,0.000137090180941,0.000570080961191,0.00109869269677,0.000359275737762,0.327440843947,0.000593167331134,0.00120820114136,0.000664540829126,2.47752849162e-05,0.000399371052589,0.000199887061668,0.000499918401893,0.000998943498591,0.000300711805646,0.286543075878,0.000257363001896,0.000543914775207,0.000283605313257,0.000263178077172,2.41766256712e-05,8.62166007837e-05,0.000419187720947,0.000352184202746,0.0003242028832,0.187897928519,0.000577862083004,0.000363721852733,0.000162834456966,5.35098821876e-05,0.000528821396997,4.4200772777e-05,0.00028866924239,0.000274777529473,0.000517833028194,0.0982683484391,0.000920485242106,0.000331104888139,0.000103401773816,4.48542830993e-05,9.72146037405e-05,5.77678687793e-05,0.000157324781517,0.000218528412051,0.000247747203073,0.0447119370688,0.000463294539444,0.000170821171017,0.000302362076061,0.000119487246549,2.11062784916e-05,4.0258113948e-05,7.61894875489e-06,0.000386889799879,0.000442816632313,0.0132321448907,0.00042610874301,6.28736485871e-05,0.000148593913645,0.000202410157229,4.17551535658e-05,3.18159319109e-05,0.000150379869612,0.000224323577219,0.000118798757699,0.00873201660588,0.000553090392934,3.54547330885e-05,2.8165355053e-05,0.00021356118189,6.7608225597e-05,3.30290340538e-05,3.20127160852e-05,1.78680398062e-05,0.000422823302612,0.00494583571244,0.000263855175547,0.000215902519767,0.000119530554879,0.000119688593813,0.000121844690103,4.68269665559e-05,2.22420301068e-05,2.89853419597e-05,0.000392905519909,0.00308980069074,0.000188695283903,9.87628567911e-05,9.85969521229e-05,1.18278185954e-05,0.000150921230315,2.91442056828e-05,5.22506157786e-05,3.71575928997e-05,0.000191513192728,0.000518664343134,0.000241072168316,4.97971404438e-06,3.65761284281e-05,6.61086002221e-05,3.42610988109e-05,computer
0.000940911171211,0.0002554617523,0.000345691149167,0.000597961173159,0.000501121341704,0.318923753342,0.002486283887,0.00102231715468,0.000456861472052,7.3607005696e-05,0.000171223481746,0.000623525052839,0.0015605334515,0.00182837232575,0.000605252554658,0.284415554109,0.00394537370154,0.00238156084439,0.0015616918149,0.00108999155997,0.000186331956442,0.00139053936854,0.00319904048973,0.00479818741695,0.00268962343377,0.176066355068,0.00378814576662,0.00382336197951,0.00128953847147,0.000768398889205,0.000574628404944,0.00158931922083,0.00325083213597,0.00656662927952,0.0047786740516,0.0790885955888,0.00165379860344,0.00218563897318,0.00147980110917,0.000441357061759,0.000863389698287,0.000748034064141,0.00229063392461,0.00329618684748,0.00423336155246,0.0294296074442,0.0016584144397,0.000814511667288,0.00040911634417,0.000496390979907,0.000591206135432,0.000575526371995,0.00107637333964,0.00121221383394,0.00181321425663,0.0079977774582,3.99440000546e-05,0.000223294222213,5.54481779831e-05,4.0108639206e-05,0.000283481145563,0.000212104749332,0.000549774484728,0.000569346277634,0.00146386379916,0.00265255278733,8.97625077136e-05,0.000295860212004,6.78473671882e-05,3.4007489e-05,3.53681964121e-05,0.000255812330312,0.000392530732906,0.000603554247403,0.00121534075047,0.00215447401286,8.36790375772e-05,0.000296893831255,0.000168751797309,4.23915073904e-06,0.000112651991286,0.000138676591933,0.000255945385568,0.000264261407782,0.00148855738474,0.00186153969142,6.14686209571e-05,5.68744787452e-06,1.05624878581e-05,0.000103175606066,3.82495653546e-05,0.000105886940977,0.000175401043885,0.000321629196419,0.000821453185864,0.000495164034557,0.000734650488639,4.23138236221e-05,0.000178713093951,6.09771472641e-05,3.31909452289e-05,computer
0.00199270964515,6.73447508249e-05,5.46655560763e-06,0.000949514880528,0.00436593506913,0.292944113213,0.0103495835908,0.00183551586273,0.001352153227,0.000222577334236,0.000194653615024,0.00305732810468,0.00313247665684,0.00652048673519,0.0254288573943,0.153600683685,0.0765912376856,0.00334380399021,0.00198699205524,0.00108329222937,0.00210427939292,0.00263638220069,0.00366580520812,0.00886366527683,0.0168240781331,0.0304738434561,0.119664351551,0.00175219169242,0.00177441426463,0.00121446021051,0.000887638654208,0.00380549394025,0.00260357461609,0.0051107592095,0.00505402778583,0.000988554658135,0.0939194465933,0.00229358460887,0.00150421043273,0.00134565888174,0.000250189509393,0.0014222892916,0.000229538448123,0.000292170650925,0.000867767334537,0.00640798959467,0.0419913257741,0.00719191248834,0.000793011549972,0.000840236625046,0.000126930426596,0.000414856910151,1.26782183908e-05,0.000204782478317,0.00138202193121,0.00488650991117,0.00600247755469,0.00649329654456,0.000795006631997,0.000220836020793,7.6058283764e-05,6.06694688056e-05,0.000616587837082,0.000521404134064,0.000753903543008,0.00152428026861,8.83239497728e-06,0.00239883092646,0.000462268262163,8.28250537623e-05,2.76337239853e-05,0.00020819793821,0.00020812820117,0.000849415557405,0.000765702256195,8.6435923714e-05,0.000364925581588,0.000883097145988,0.000758980075914,2.73621121372e-05,0.000354793862025,0.000336393418692,0.000725646861537,0.00179776364521,7.93910201045e-05,0.000232265513362,0.000900427589068,0.00128254174538,0.00050514338298,0.000383704646387,0.000233455287217,0.00033450326545,0.000565734764514,0.000282756727559,0.000415053592506,0.000859228792729,0.0019340562062,8.04700885177e-05,0.000957913878852,0.000681797218113,3.44448628365e-05,computer
0.00125771409801,9.05657908956e-05,9.08693412299e-05,0.00187486051392,0.00185736620909,0.310546137195,0.00920792733195,0.000691100558287,0.000831724052364,0.00103317836826,0.000724105952011,0.000661544931557,0.000158283096634,0.00586983163662,0.0298653016953,0.201278357328,0.0382240929257,0.00438554114497,0.00101567730291,0.00117839782678,0.000870896891348,0.00113618929609,0.00143102812338,0.0133824501048,0.0404556701226,0.0864462971825,0.0411077165126,0.00893394445806,0.00116337606799,0.00260228858731,0.00129571774947,0.00176847046726,0.00148494151894,0.0163566301804,0.0255707033453,0.0228516767292,0.023932126944,0.00801947274205,0.00194570127423,0.00154372567025,0.00128044358204,0.00115690091803,0.00313427579195,0.0117159620227,0.00681450875855,0.00737078279504,0.00991564922665,0.00458056482284,0.00203145360702,0.000411813160937,0.000592494386547,0.00041403159247,0.00217911537876,0.00480366193734,0.000628995109702,0.00329157616071,0.00325411256098,0.00113511119213,0.000363034924534,0.000295135366729,0.000351380812899,0.0001708886523,0.00153644773311,0.000888600712029,5.84271531408e-05,0.00169585357866,0.00221066282328,0.000669716934775,0.000609215237101,0.000128123212892,3.07906803801e-07,0.000674802321727,0.00137202113405,0.000281952549324,6.3120938635e-05,3.56528046675e-05,0.00113231187124,0.000511319116833,0.000570006724946,0.000168462178408,2.93797462362e-05,0.000562838172808,0.00159026093605,1.27929415229e-05,0.00018486838119,0.000237535903495,0.00108597788402,0.000323434534582,0.000221851631756,3.9047901403e-05,6.06792819597e-06,0.000291203411301,0.00117685561864,0.000402723251905,0.000189535050239,1.08155188452e-05,0.000297959070338,0.000486801051113,0.000954703078129,0.000188686978764,6.61620495966e-05,computer
0.000296591435024,0.000523897628086,0.000361871004816,0.000448720973182,0.00242370934826,0.30671463236,0.0106989939115,0.00130388439812,8.67737145573e-05,0.000115754452995,0.00124291769581,6.81389414174e-05,0.00117539783729,0.00179031627836,0.0348911460823,0.200773909266,0.0410299443322,0.00543776482671,0.00213420173353,0.00114309609486,0.000489725167245,0.000638491193444,0.00126580221567,0.00461021405155,0.0659463199883,0.057786926883,0.049831860881,0.010603225135,0.00339343328431,0.00154810849888,0.00117062981191,0.00224845860183,0.000742462564972,0.00982328876019,0.0529878083407,0.00624408356238,0.0238194094741,0.00845909817895,0.0021801061338,0.00145496969525,0.000843005063329,0.000860399535079,0.000148168490691,0.00785422275493,0.0189252413228,0.00276130009543,0.00429919857412,0.00410034095784,0.000915232285746,0.00119556454753,0.000333158651257,0.000770536309923,0.000124887208737,0.00783838745873,0.00307145468038,0.0037203080096,0.00127158647652,0.0010653393998,0.00100008462604,0.000318401649796,5.86992064822e-05,0.000523955378612,4.44414374573e-05,0.00222436909218,0.000387700402447,0.00261295606478,0.00101470849772,0.000507571974601,0.00105521654253,0.000303753185856,8.36456815729e-05,0.000357063433493,0.000484423203212,0.00079610228727,3.82134098283e-05,0.00109193848208,0.00111340158584,0.000655802025809,0.000118657025212,0.000623596970193,3.71521757011e-05,0.0008526501395,0.000326476815776,0.000294506666066,0.000439836285297,0.000160399665661,0.000827076548504,0.00109672514395,0.000295672939836,0.000159833652794,2.13598504303e-05,3.07213775351e-05,0.000496856171049,0.000160283933704,4.13871066693e-05,1.60834939305e-05,0.000313980426986,0.00019709258445,0.000648236588888,6.72328303637e-05,9.73168805089e-05,computer
0.000221211033856,8.02848085822e-06,3.82888561328e-05,2.09596738429e-06,0.00410642939376,0.346516159991,0.00277938965617,5.41378941155e-05,0.000105667331996,0.000186522206821,0.000586697173034,5.87460260326e-05,0.000149111584702,8.79404801214e-05,0.0208069148393,0.252648798987,0.0194365986895,0.000436539420294,4.45834961247e-06,0.000101060388904,0.000159766592387,0.00014792230834,0.000643349080032,0.00112360347038,0.0338278149971,0.122603376391,0.0272862027489,0.00254340645396,9.29827015624e-06,0.000263086250959,0.000197253564082,5.12773248384e-05,0.000588408764672,0.00268097704404,0.0258498297551,0.0394668509046,0.0224375770469,0.003606907333,0.000145378960507,7.17265565999e-05,0.000185916784166,2.47145090169e-05,0.000251280671407,0.00239155397236,0.0127286332328,0.00695297559294,0.00969520224729,0.00329441449035,0.000489649352404,2.47006526251e-06,0.000101951962349,2.1993721425e-05,3.95607472667e-05,0.00166789139176,0.00434364316736,0.00111145424495,0.00406064094213,0.00131215343682,0.000599176883469,2.22361896201e-05,7.06231884358e-05,0.000104345130859,0.000146707853266,0.00172622998542,0.00176148776429,7.49874160238e-05,0.00141257067781,0.00158844844174,0.000300449319412,4.63631047215e-06,5.69786233639e-05,0.000119363970305,0.000162170835289,0.00107694702857,0.000890922442336,0.00013505428691,0.0011270841114,0.00118145875869,0.0003996987536,0.000118173231162,0.000130378311579,0.00010816084328,9.0268533451e-05,0.00129643601413,0.000508949461829,0.000230926877762,0.000540430662988,0.000576388724262,0.000550557787878,0.00013775828407,1.85439426576e-05,0.000169704539125,0.000388767459275,0.00038222305241,7.34860500744e-05,0.000171256512997,3.87881542083e-06,6.17405928815e-06,0.000624140220123,0.000140655399517,5.62521447039e-05,computer
2.02926003384e-05,0.000169463898821,5.18170800647e-06,0.000212937036396,0.00238319131203,0.329954157347,0.00536252212358,0.00134827676157,0.000367407643286,0.000264018887315,9.26967929366e-05,0.00167508706339,0.000703009084993,0.00434211195919,0.0154543861678,0.235765586582,0.0301440880717,0.00317999082589,0.00213341970459,0.00106579519453,0.00119894713219,0.00186397082761,0.00110515610122,0.00724950412112,0.0202130548562,0.0967685623633,0.057047663398,0.00259675882225,0.00185903376807,0.00157207339044,0.00073174031032,0.00284071645139,0.00210251351982,0.00554640312763,0.00833840641777,0.0276163904527,0.0485761851771,0.00190783229161,0.00151122752268,0.000746052561728,0.000479881047338,0.00129184272524,0.000858057627466,0.00173980072851,0.00154559812907,0.00274574991863,0.0277674655069,0.00123985706967,0.000564218353383,0.000566845169733,0.000203101544909,0.000414326078055,0.000662845454716,0.000363749413882,0.000236818878451,0.000217116578103,0.00984168687268,0.00127112085563,0.000469228728097,0.00011596258693,0.000109539398281,0.000300566882862,0.000326639763453,6.51884467425e-05,0.000118207246963,0.000637925861888,0.00448380763498,0.00229974531056,0.000161671477885,0.00011572448015,5.97698858098e-05,4.49684428708e-05,8.66955825279e-05,0.000296957231951,0.000545470313439,0.000634444712196,0.00255558739681,0.00168303238384,3.14485097106e-05,1.83155567305e-05,2.58891956986e-05,2.53782171272e-05,2.4062640017e-06,8.85223369113e-05,0.000631065310107,0.000275836540622,0.000851793782543,0.00162624415056,0.00022383865239,1.91892038437e-05,2.05340329417e-05,4.0840021188e-05,0.000183929704479,0.000266826143265,0.00032272615787,0.000125626959378,0.000472561054265,0.00154583564228,2.83690694437e-06,1.32399143354e-05,2.8086644067e-05,computer
8.15064765545e-05,0.00011918235212,8.08055374589e-06,0.00022971198831,0.00258437520042,0.335677295291,0.00152576249264,0.000288416566665,0.000287167694617,0.000351638141848,0.000930525263616,0.000716359486668,0.00115426550257,0.00294059323832,0.0121767900275,0.255175769163,0.0143492379243,0.000686802372875,0.00120871721013,0.000937457495143,0.000903141680361,0.000995666489288,0.00195796493315,0.00788715415801,0.017285431006,0.127917500994,0.0234287512356,0.000456697032229,0.00177127341614,0.00150195987014,0.00169722562058,0.00178715823228,0.00257448973979,0.00929884445575,0.0120582537703,0.0504991677093,0.0204756111812,0.000662985382913,0.00105496819217,0.000964008699382,0.00104152140357,0.000566453328009,0.00157870966368,0.00586933375264,0.00591485755201,0.0129837148014,0.0106115404113,0.000927569530929,0.000481796439649,0.000255334910546,0.000313550425113,0.00028755101945,0.00140373673647,0.00444161248254,0.00141879675438,0.00350421883928,0.00465598633869,0.000504986621017,1.2464309185e-05,4.37796014216e-05,6.78664350901e-06,0.000647920882884,0.00109100380179,0.00346985997229,0.000237474276346,0.00166794112978,0.0022598515218,0.000785347852819,1.46252390647e-05,0.000120234521415,0.000138197040287,0.000516066812139,0.000736467280161,0.00203261703983,3.55787919437e-05,0.000906712191483,0.00179625191465,0.000522683366898,4.34030960512e-05,1.53266282217e-05,0.000152382138207,0.000288387331038,0.00074164841152,0.00146619150968,0.000402424308331,0.00073034298337,0.0010383495299,0.000541790500212,1.64812263485e-05,4.59186002444e-05,2.77718214838e-06,0.000111569412468,0.000474757787295,0.000616370707268,0.000431126970369,0.000331554481793,0.0012419351153,0.000520716880645,2.05463962377e-06,0.000244633617819,0.000128813500906,computer
0.000104178273213,5.00257943751e-05,1.91925306884e-05,0.000159852119382,0.00325671989721,0.32023820246,0.0038173599629,0.000303807743392,2.43697177087e-05,7.34502587738e-05,0.000343790876546,6.20205419133e-05,0.000237452926052,0.000111041512505,0.0245250403311,0.23222695511,0.0241521673908,0.00257007590307,8.38966905517e-05,0.000373763208889,0.000199557032359,0.000263821202923,0.000548729223068,0.00134194930786,0.0474389642895,0.103967666618,0.0342270387037,0.00694745547105,0.000390001724805,0.000153252166973,0.000251510654313,8.02837057708e-05,0.000302596225142,0.00435750995198,0.0350364273597,0.0297720864414,0.025252470066,0.00882046643591,0.00139132429617,0.000158070633809,0.000539955268623,2.58693973053e-05,0.000183213470278,0.00405696602738,0.0170122525906,0.00450812117239,0.00863390877458,0.00509914973891,0.00211554475316,0.000180371450364,0.000122406549827,0.000147903871219,0.000103464853632,0.00353955343768,0.00631193283126,8.77934569153e-05,0.00313534524977,0.00217800931411,0.0017068384897,0.000181667653066,0.000129086108647,7.66549791865e-05,8.14544072315e-05,0.00285408209049,0.00263775939655,0.000153445024822,0.000961315126634,0.00131044251364,0.000985785363666,0.000422018617061,5.7022527117e-05,0.000110307563609,0.000363511167299,0.00206929822295,0.00105527123059,0.00013352034867,0.000318349798687,0.00079967028357,0.00102152110667,0.000826954251716,0.000210742584755,8.3252330565e-07,0.000519189572645,0.00157514475698,0.000208603507575,0.000816891910665,5.39688373813e-05,0.000660437342568,0.000737783017759,0.000659955268011,0.000919981647917,2.16350127041e-05,0.000737138370161,0.000489659708007,3.37111410213e-06,0.0002017809427,0.000182250106775,0.000170484603871,0.000729067674339,0.000210401805362,0.00101839645417,computer
8.06904283464e-05,3.87048629995e-06,4.63849508883e-05,0.000140715237454,0.00501382969359,0.326029967688,0.00563547086887,0.000859427630283,0.000166238287752,0.00037324249433,0.000131129756586,0.00121773633164,0.000556694919311,0.00486359862176,0.0253661448909,0.208814170376,0.0454193296508,0.00100791341794,0.00153213592079,0.00148286988109,0.000364159582668,0.00144512789197,0.00177977608076,0.0104982418675,0.0303503616048,0.0722638382435,0.0740612957398,7.47058331109e-05,0.00240830797918,0.00197222715816,0.000617656924629,0.00233294440651,0.0027496132044,0.0117237479162,0.0148270236783,0.00872414501876,0.0530436437721,0.00110079732823,0.00318992087666,0.00142261417432,0.0008662428351,0.00177458717654,0.000747726228515,0.00387130243693,0.00397145396425,6.9833416593e-06,0.0213025785291,0.00286731474332,0.00161586755698,0.000375800756612,0.000208424929081,0.00104755196509,0.000158511268286,0.0024683200146,0.000134632262527,0.000748646827505,0.00643478542679,0.00229331764599,0.00117384515867,1.62622371776e-05,5.19801187536e-06,0.000574636977111,3.0491062159e-05,0.00109610940201,0.000319504495197,0.00201290005212,0.00171211207246,0.00221019689284,0.000902569699285,9.95435648134e-07,0.000165814867352,0.000301397150717,0.000319742105618,0.000296878575889,0.000919647742116,0.00125178481439,0.00109560359128,0.00237798996845,0.000919552370325,0.000146285066418,8.37144850902e-05,0.000534363327567,6.38131984977e-05,0.000598069759883,0.000460420059508,0.000577967994952,0.000548364484236,0.00149558343149,0.000629473374744,0.000262684353303,9.40528160087e-05,0.000320683355393,0.000152677932068,0.000295830540693,0.000190568673681,6.93855288712e-05,0.00027507089135,0.000253817311119,0.000530766596406,0.00012381387553,3.60153667486e-06,computer
1.25424667268e-05,0.000103425138861,0.000171321750318,0.000165234723938,0.00158072825745,0.344883950143,0.00461319093296,0.000565964546424,4.10964016164e-05,0.000278517089397,2.14783986495e-05,6.19745441949e-05,0.000148707684446,0.00146940932582,0.0150373984239,0.244499733395,0.0211331998396,0.00236750752437,0.00018411367128,7.88685937181e-05,0.000178278240124,4.86442794938e-06,0.00104800323901,0.00307823748454,0.0250454821509,0.122444142581,0.0304978048806,0.00418294208468,0.000262168189691,9.70782768046e-05,0.000168812440042,0.00027953501253,0.00143275162768,0.00350046496887,0.0230185046574,0.0389480004124,0.0255020255579,0.00433701043958,0.000449489182416,0.000347182017719,0.000145103321633,0.000493885626215,0.000634945170202,0.00301742960166,0.010059438971,0.00874241811938,0.0113803014299,0.0036015622681,0.000688439884168,0.000173917706833,0.000499387037273,9.65714189884e-05,0.000523583910715,0.0018409403484,0.00336337333849,0.00150889423369,0.00440863419602,0.00254566062304,0.000122197076821,0.000307914148451,0.000109214186859,0.000686506736294,0.000346724468886,0.00122821276287,0.00118650077396,0.000244903643847,0.00184712703009,0.00157245283432,0.000614973063758,0.000106737113708,8.07901313336e-05,0.000666166015699,0.000536170729873,0.00159433883289,0.000868590010786,0.000257064498093,0.00139818259543,0.00121316542305,0.000896119441788,0.000171347238341,4.39583319886e-05,0.000738299049618,0.000433498316801,0.000770267343071,0.00035878203911,0.000627800306507,0.000508777121488,0.000986396774874,0.000318801524426,0.000446042614094,0.000269542595785,0.000246156233781,7.36440416653e-05,0.000302724028976,5.25476994804e-05,0.000145138500768,0.000119350047724,0.00069946422211,0.000103595328929,0.000522993527862,0.000211193663874,computer
6.13909233578e-05,2.40342218048e-05,0.000241308368688,6.49342968938e-05,0.00196661573043,0.360460207198,0.00418663870345,0.000489968832463,0.000293191699461,0.000324318763371,0.000860600407997,0.000863308904715,0.000802244245179,0.0013006919874,0.0226671876337,0.247019572581,0.0182490977717,0.00420677453441,0.00110524532643,0.000765739306491,0.000837380834357,0.000692082807728,0.000892487728057,0.00107589753656,0.0427829837602,0.106191771235,0.0185478229404,0.00412612805379,0.00225618324711,0.000945011117261,0.00100531418188,0.00121047335441,0.00102673468759,0.000274571280589,0.0426746163377,0.0273647326196,0.00982793099023,0.00344731066906,0.00106588852724,0.000885212353779,0.000490022189981,0.000476368862802,0.000708169029209,8.55114486205e-05,0.0213319554207,0.00373129113638,0.00310186282508,0.0010410203199,0.000582997666151,0.000588156473449,4.81869104365e-05,0.000323687534547,0.000253993773918,6.44480894846e-05,0.010377932206,8.91361697509e-05,0.00135802680387,0.00118173126409,6.52677095001e-05,0.000140964213334,0.000124771345477,0.000244754613359,0.000250925079763,0.000126002737846,0.00708964970797,0.00019022756229,0.000180236805727,0.000465989330408,0.000187187753073,6.59861462042e-05,2.45400385535e-05,0.000117626845919,0.000191309007893,0.000233225922519,0.00478462642669,0.0012720020919,2.32792684496e-05,0.00019114094635,1.12082014323e-05,7.97793823646e-05,3.22970984993e-05,8.40860616661e-05,0.000233825636668,0.000531009312225,0.00165759732496,0.000757337314892,6.60203383872e-05,1.74276701133e-05,1.15545118913e-05,4.28647699166e-05,5.31141797757e-05,3.80728777123e-06,0.000127392318388,0.000209377437663,0.000402602048857,0.000396059458805,5.07375717561e-05,0.000136655829307,0.000128151333933,4.5738825385e-05,3.35387086019e-05,computer
0.000180387175252,0.000397706337336,0.000136288453499,0.00107946430016,0.00342074675992,0.32027920696,0.013690263482,0.000339400356943,0.000387420236067,0.000626241579088,0.000318679901469,0.00100736895058,0.00028326627797,0.00259798483504,0.00546501617782,0.256914678611,0.0284575169268,0.00201144912528,0.000853224835273,0.00111059444209,0.000367125287235,0.000883641866745,0.000717975469621,0.00493853642249,0.00764051969006,0.135262186112,0.0361050308826,0.00171706416893,0.000534282898951,0.000627335859001,0.000359470671169,0.0014236589577,0.000738286189576,0.00351535673436,0.00450457308886,0.0546308745808,0.0309664857217,0.00214874723223,0.000457819626684,0.000408883765145,0.000413866735678,0.000458577904018,0.000677462737537,0.00263568238457,0.00198425534265,0.0161280358345,0.0158206638288,0.00131898638248,0.000963159168312,3.84884444164e-05,9.29226046521e-05,0.000550605757847,0.000443824015588,0.000790181631566,0.000884951805337,0.00283868686134,0.00689580127958,0.000528169285456,4.74400979424e-05,4.62478556558e-05,3.63101456247e-05,0.000351328148798,0.000117871024519,0.000130690131605,0.000290703732771,0.00119297249316,0.00479850064833,0.000549923255238,3.4135065289e-05,0.000221614694046,0.000409057378125,0.000140130437261,0.000160636335102,0.000133787543006,0.00010405853432,0.000197547412195,0.00398781989132,0.000689078743377,6.98182087839e-05,6.67617978741e-05,0.000114304328972,6.05721939733e-05,5.22416759673e-05,3.01315150937e-05,0.00017934560466,9.53390786089e-05,0.00235627430692,0.000489235480887,6.84584935051e-05,1.64732560504e-05,2.53128218603e-05,0.000135794403175,5.08087389858e-05,0.000246375983811,0.000228483947787,0.000229408820178,0.000454888751232,0.000211180329462,1.92040548417e-05,0.000184511522791,6.13816290565e-06,computer
0.00173654621305,0.000191528355485,0.00022551676017,0.000118219574149,0.00199477088372,0.311543903531,0.0024465143267,0.00025066685619,8.43684776336e-05,2.29154695966e-05,0.000838629104048,0.000125228280534,5.28077754456e-05,0.00157059603212,0.0125593339029,0.246186518081,0.0142331805541,0.00102297597963,0.000744711302975,0.000125300162434,0.000770655594388,0.000394926439099,0.000908834757415,0.00278001622706,0.0240678740157,0.13675705907,0.0238072497054,0.00197706292829,0.0005689983056,0.000872213389562,0.000251458612821,0.000719238720212,0.00154759708336,0.00419764798796,0.023449239756,0.0581426298688,0.0247295970089,0.00307782547438,0.00109635594177,0.000449778145489,0.000250187088383,0.000585226935454,0.00191472120202,0.00266684824866,0.010911884305,0.0199740992333,0.0129944029938,0.00245203046886,0.000419869848718,0.000491188950867,2.03757655826e-05,0.000364014787327,0.00130271156215,0.00254610742753,0.00398880577435,0.00361497851911,0.00382440762122,0.00264142460039,0.000649693753943,0.00037037437717,7.21398083913e-05,0.000120302098994,0.000255354651794,0.00159675587537,0.000758289871499,0.000789219263398,0.0016627724987,0.000515093634462,0.000505659749361,9.05435673289e-05,0.000122769434835,0.000203036280104,0.00032430501491,0.000789216394094,0.000650838320889,0.000187725708247,0.00127160333591,0.000345411522005,0.000865007085079,1.54518012437e-05,0.000178375717388,0.00012698330799,0.000897276159894,0.000784219211883,0.000585755710823,0.000468240955722,0.00155826207298,0.000691479029117,0.000344778851161,0.000131621090311,1.4102999344e-05,0.000232542746161,0.000392070339646,0.000688953405292,0.000557209438844,0.000237893681915,0.000830802786373,0.000529696545147,0.000534973950154,4.09790277478e-05,0.000408442936773,computer
0.00723911157749,0.00149400842515,0.0013541355183,0.0017488857582,0.00805086741439,0.280569458644,0.00815231749771,0.00121363090294,0.000619240844549,0.00207121941436,0.00106017397663,0.00141940978534,0.00124405600737,0.00223178229154,0.00878401394314,0.262542217596,0.00439415698491,0.00208801328622,0.00127954011106,0.00156299807801,0.000430077424633,0.000505338922511,0.000690254685346,0.00115147964023,0.00516025631495,0.178731571868,0.003193282949,0.00313320572979,0.000326145361939,0.000992018127589,2.90087073323e-05,0.000291444888078,0.00113909205854,0.000368845154841,0.00458622113729,0.09938411425,0.0036977872993,0.000275905362452,0.00016408137087,0.0010185007424,0.000430317360512,0.000770893104939,0.000282739213458,0.000252578997374,0.00213457518727,0.0487585460316,0.00187255779106,3.39863431162e-05,1.26529190659e-05,0.000385406068222,5.07533559933e-05,0.000342541432428,2.65349387127e-05,0.000808224363771,0.000988247251348,0.01608320147,0.000687771119052,5.68736319758e-05,2.20298147959e-06,6.11374509672e-05,2.12855817239e-05,1.84537262536e-05,0.000397264892453,8.06013016648e-05,0.000769521819223,0.00485612578898,0.000370725346614,2.75044052712e-05,0.000364507340305,1.60527277892e-05,0.00022142171065,0.000163739143335,0.000301100866689,0.000247777832058,0.000592351833904,0.00191219211472,0.000221711091953,1.83856930095e-05,7.66489324021e-05,0.000314803855962,0.000208280824432,1.54315025081e-05,4.12025800252e-05,0.000338960923412,0.000290520451183,0.00376011006657,0.00102403168015,7.87076005791e-07,0.000378062500923,5.84444893436e-05,0.000145201713056,0.000336339966927,0.000536799272189,0.000117044838919,0.000200428182054,0.00197511475858,0.000666248461963,0.000251289185093,0.00016182534002,7.20365236781e-05,5.25941512885e-08,computer
0.127322182997,0.000662865712681,0.00217044455069,0.00680374885272,0.00803112000533,0.0989329545922,0.00677874212141,0.015746753272,0.00191717575408,0.00646261511094,0.0184119037015,0.00725632068714,0.0154332283533,0.00629637610658,0.00420719684997,0.0342487272444,0.00036479369128,0.00455110374932,0.0386611347449,0.0209443910177,0.0225443708585,0.00618578716181,0.00104970663759,0.0163045018789,0.026639922818,0.0057953646124,0.00695113537701,0.0032047350933,0.00389274462421,0.0027334390436,0.000373840239599,0.00664854708611,0.00469507943726,0.00265228508681,0.00701300543272,0.0239978043029,0.00327204495453,0.00325516489968,0.0193784890895,0.0196272706012,0.00900618004422,0.00027008087864,0.00608258138276,0.0193234366907,0.00915895705792,0.0111134036643,0.00301779969621,0.00782820006156,0.00542985207891,0.00102241705493,0.0062766679469,0.00281481603077,0.00246424007064,0.00487399305755,0.00399075243185,0.0136601473754,0.000593151821725,0.00236572524363,0.000353512126665,0.00418773196596,0.0149209706753,0.0217158834879,0.00329399143775,0.00049711895598,0.00384596963236,0.00438228789396,0.0075010812076,0.00187453925139,0.0023767429368,0.00255461254807,0.0122311515994,0.00545261698963,0.00397270173168,0.0292813117871,0.00408349627822,0.0112195089335,0.0137064585989,0.00146251298309,0.00165453434553,0.00652482191052,0.00359450707467,0.005228178941,0.00482713580776,0.000382655658971,0.00979438757361,0.0043637142789,0.00157568529553,0.00743225196662,0.00487675609787,0.00406532318746,0.00866343107774,0.00922143433093,0.00511979040208,0.0219855123324,0.00492460754815,0.00147327701731,0.00194751524543,0.0102658915906,0.000806787608887,0.00986787718357,0.00177830156417,computer
0.224438902743,0.0102055837814,0.00890487800324,0.000205350645791,0.0257951824941,0.0812000831442,0.00754465625417,0.00540356405851,0.00420828013016,0.00900044949308,0.00579455640935,0.00562142274576,0.00579017436546,0.00413875173322,0.0250737705972,0.0526193400181,0.00156157580348,0.00250825939661,0.000669474145118,0.00481153036942,0.0139699645591,0.00544045008503,0.00480903973892,0.0023242445475,0.00372856417156,0.0134186524971,0.00519021605706,0.00672154639072,0.0146258454381,0.00709031346277,0.00481961771625,0.00476706869382,0.00231611010566,0.00421549778731,0.017241748062,0.0056946076551,0.0191445537139,0.0120331330827,0.00270253601645,0.00112980840372,0.000558227124607,0.00906289402632,0.00753576378851,0.000746013061976,0.00484140421044,0.00260440165247,0.00901631883968,0.0013461202793,0.00240603882713,0.00396464508478,0.00850872817955,0.0106163524943,0.00960196295634,0.0162407682145,0.00128153497167,0.0200352023348,0.00815179255561,0.0016870233911,0.0165536916339,0.0242570247968,0.00612978606438,0.00804088597214,0.00939775862732,0.0051184331988,0.0079141262434,0.00381148143443,0.00478293758707,5.63273500665e-05,0.00509702438228,0.00700560881577,0.00156409045719,0.00515768268175,0.00725204018828,0.00302755734433,0.00687151810576,0.00444668416125,0.00740350177098,8.92815260544e-05,0.00449449750481,0.00673011344142,0.00103778285046,0.00444828909877,0.00225213562075,0.00892860886728,0.00294911239515,0.00827208061551,0.000538325727498,0.012151820819,0.000440375004062,0.00220444302445,0.0092880695818,0.00153078010768,0.00441457991907,0.00526092487464,0.00934239337379,0.00570295277135,0.00338019921506,0.0019978046729,0.00474942379893,0.00683332292655,0.00399002493766,computer
0.219266005839,0.00503200864673,0.0207304235796,0.00497635409701,0.0062325393819,0.130221940178,0.0150473135527,0.00591262872656,0.00596354895329,0.00131371110116,0.00752561750084,0.0029049421293,0.00864561160261,0.00459280857921,0.0101873201041,0.0175467935278,0.0241162928894,0.0130588941373,0.00476792205817,0.00966269942072,0.0293911878633,0.000652358698645,0.0109760949889,0.000117297089924,0.000379292791633,0.0123269408689,0.00342539044217,0.00346203283818,0.00618765585794,0.00574283480452,0.00205538559963,0.0106370122542,0.000483326725686,0.012740475786,0.000526492279757,0.0115992284502,0.00319818960608,0.0136989300968,0.000298952934452,0.000977358904397,0.00598570876522,0.00322153362677,0.00125896876773,0.001546353364,0.0122226442608,0.00835278479011,0.0018056152277,0.00388260956846,0.00241232331703,0.0187702465071,0.00646950800579,0.0045499265138,0.00318171181504,0.00436564280442,0.00184971963611,0.00231966797388,0.00713487147181,0.00634642766969,0.00544635658001,0.00372838918338,0.00244042614235,0.00121840137051,0.00282776392065,0.0242412933397,0.00176631133875,0.00491991145001,0.00621826051851,0.00871813947765,0.00136328364146,0.00223022162973,0.0137787421062,0.00467766252109,0.00366137860455,0.00617340540333,0.0363345878942,0.00208323053606,0.00490220800661,0.00719114855728,0.00150266387124,0.00202809400905,0.00656253159501,0.00550527730892,2.94080165235e-06,0.00111709988469,0.000769783087586,0.000707856311053,0.0224738305109,0.00361602804957,0.00465587073532,1.8202669472e-05,0.0136541158356,0.0119152048479,0.00583398808904,0.00333669332882,0.00192265027506,0.00492635820829,0.00433970150039,0.00493548235392,0.00474815430092,0.00360628813441,0.00564198309704,computer
0.118678697281,0.0102011539544,0.000609067613497,0.00727557079883,0.00228774400524,0.143853366726,0.00354637285998,0.0376172705179,0.000691390737746,0.00539715649411,0.00935638619626,0.0030417709941,0.00473276188463,0.0130492327618,0.00576069229574,0.0154950780953,0.0136510664821,0.000841793190968,0.00191753513894,0.00835495109615,0.013551311378,0.00852258441756,0.0145790428205,0.00219511752987,0.00369274621073,0.00821786422273,0.00926617869216,0.00223229332301,0.0029165104954,0.00249485332108,0.00325497137015,0.00128247934186,0.00806088910804,0.00104319498791,0.0094019341386,0.00354530836368,0.000570518666575,0.0100468068178,0.0318761963927,0.0104227448104,0.00987741248481,0.00740597693406,0.000663117764911,0.0109581111603,0.00959718637086,0.00048109422545,0.0122144910075,0.00446176036657,0.0068628772629,0.00805947295982,0.00456717772326,0.000358665897566,0.00360003716963,0.000393674733147,0.00251173325752,0.000733731662154,0.00807585834619,0.00686786000134,0.0235805729868,0.032806875309,0.000106750736689,0.0198352494462,0.0166716047717,0.0102947908012,0.00304067610675,0.0185773321993,0.011444182733,0.00305170244332,0.00204964294473,0.00761467401874,0.00230161267227,0.0249750259387,0.00278576406483,0.0109075697766,0.00259743566801,0.00406814271634,0.00305295607519,0.00116107747214,0.00765386796409,0.01370895827,0.00910585387593,0.00976312978079,0.00535346092567,0.00351942884925,0.00631950239278,0.0101010115455,0.00337433649582,0.0020586308877,0.00289026510988,0.00178041270931,0.00658890037515,0.0121699821228,0.00111713215931,0.00154148688544,0.0117207703954,0.00068100777055,0.0115426542191,0.00468647297388,0.00234761666748,0.00287220546316,0.0169564284181,computer
0.16351721948,0.0119809899811,0.0099873640945,0.000325619917196,0.000479164116215,0.0854249879782,0.00857641608479,0.0288737413499,0.0255651728379,9.24152747355e-05,0.0141086818294,0.0204196766912,0.0193098257873,0.0327571824701,0.00109591400776,0.0134606844197,0.0117712642596,0.00446459430618,0.00165391039662,7.67632442738e-05,0.0162576879948,0.0185269984089,0.0240006807432,0.0320814495305,0.000905122477143,0.00598584437281,0.00121828968661,0.0132283346109,0.0106372379123,0.00974739995005,0.00243198280189,0.00187520161743,0.00340707229649,0.0218631782006,0.00445378348027,0.00133721348773,0.00469818351486,0.0141706554036,0.00362189562174,6.70365937074e-05,0.00158410778097,0.00255625768638,0.00111474856144,0.00346930940001,0.00768888532484,4.70183887753e-05,0.00342762751017,0.00101132654003,0.00174742048792,0.00230583139589,0.00314656043417,0.0141972105564,0.000260378182554,0.00298869389465,0.00580892154536,0.00265582184457,0.00393044430085,0.00849786470431,0.0163455440677,0.0315017497335,0.00150161456574,0.00215793977256,0.000364332126934,0.00810068408042,0.0135899639593,0.00613850245293,0.00896762935322,0.00329288147132,0.00161376990299,0.00207772828627,0.00960601063417,0.000128615997528,0.00488671061819,0.0110842077004,0.011897877645,0.00589602970703,0.00222773281411,0.00376169843611,0.000936249318719,0.00184607005731,0.00181648689009,0.0107039324093,0.00830140324224,0.0119708118195,0.00251199760434,0.0236428516045,0.00232133843819,0.00751648354541,0.00401842651967,0.00390133948885,0.00147954799596,0.00949984483394,0.00443963007132,0.00107843310883,0.0164869603956,0.00760064766054,0.000326492656029,0.0024974657937,0.00347990869167,0.0159244192071,0.00166276955053,computer
